{
  "environment": {
    "cpu_count": 16,
    "cpu_name": "13th Gen Intel(R) Core(TM) i7-13620H",
    "engine_version": "4.6.2-stable (official)",
    "gpu_name": "NVIDIA GeForce RTX 4070 Laptop GPU",
    "os_name": "Windows",
    "renderer": "forward_plus",
    "rendering_backend": "1.4.325",
    "timestamp": "2026-05-10T12:18:11"
  },
  "results": [
    {
      "category": "chunk_generation",
      "ci95_lower": 0.735755741596222,
      "ci95_upper": 0.911910951137543,
      "cv_percent": 29.8765697887723,
      "iqr": 0.0620000000000001,
      "max": 2.076,
      "mean": 0.823833333333333,
      "median": 0.767,
      "metadata": {
        "base_resolution": 64,
        "chunk_size": 64.0,
        "config_name": "config_0_t1024_r64",
        "effective_resolution": 64,
        "lod_level": 0,
        "processor": "cpu"
      },
      "metric_name": "chunk_gen_lod0",
      "min": 0.711,
      "p95": 1.056,
      "p99": 2.076,
      "sample_count": 30,
      "samples": [
        0.767,
        0.87,
        0.864,
        0.78,
        0.796,
        0.749,
        0.732,
        0.734,
        0.733,
        0.721,
        0.772,
        0.747,
        0.78,
        0.783,
        0.774,
        0.787,
        0.726,
        0.711,
        0.756,
        0.724,
        0.743,
        0.764,
        1.056,
        0.816,
        0.778,
        0.763,
        0.713,
        2.076,
        0.819,
        0.881
      ],
      "standard_error": 0.0449375577842951,
      "std_dev": 0.246133140776503,
      "timestamp": 1778411891,
      "unit": "ms"
    },
    {
      "category": "chunk_generation",
      "ci95_lower": 0.203983679413795,
      "ci95_upper": 0.221682980656624,
      "cv_percent": 11.6196015214077,
      "iqr": 0.00899999999999998,
      "max": 0.337,
      "mean": 0.212833333333333,
      "median": 0.206,
      "metadata": {
        "base_resolution": 64,
        "chunk_size": 64.0,
        "config_name": "config_0_t1024_r64",
        "effective_resolution": 32,
        "lod_level": 1,
        "processor": "cpu"
      },
      "metric_name": "chunk_gen_lod1",
      "min": 0.199,
      "p95": 0.232,
      "p99": 0.337,
      "sample_count": 30,
      "samples": [
        0.21,
        0.213,
        0.21,
        0.218,
        0.206,
        0.206,
        0.204,
        0.201,
        0.232,
        0.211,
        0.214,
        0.206,
        0.337,
        0.21,
        0.204,
        0.22,
        0.203,
        0.202,
        0.204,
        0.207,
        0.2,
        0.202,
        0.199,
        0.203,
        0.229,
        0.209,
        0.205,
        0.201,
        0.207,
        0.212
      ],
      "standard_error": 0.00451512995022657,
      "std_dev": 0.0247303852380627,
      "timestamp": 1778411891,
      "unit": "ms"
    },
    {
      "category": "chunk_generation",
      "ci95_lower": 0.0641347095370293,
      "ci95_upper": 0.0680652856826782,
      "cv_percent": 8.30862398194886,
      "iqr": 0.004,
      "max": 0.089,
      "mean": 0.0661,
      "median": 0.064,
      "metadata": {
        "base_resolution": 64,
        "chunk_size": 64.0,
        "config_name": "config_0_t1024_r64",
        "effective_resolution": 16,
        "lod_level": 2,
        "processor": "cpu"
      },
      "metric_name": "chunk_gen_lod2",
      "min": 0.061,
      "p95": 0.075,
      "p99": 0.089,
      "sample_count": 30,
      "samples": [
        0.068,
        0.069,
        0.067,
        0.065,
        0.063,
        0.089,
        0.067,
        0.065,
        0.071,
        0.066,
        0.065,
        0.064,
        0.063,
        0.063,
        0.062,
        0.063,
        0.068,
        0.063,
        0.063,
        0.061,
        0.075,
        0.065,
        0.064,
        0.065,
        0.074,
        0.064,
        0.064,
        0.062,
        0.063,
        0.062
      ],
      "standard_error": 0.00100269751114211,
      "std_dev": 0.00549200045206819,
      "timestamp": 1778411891,
      "unit": "ms"
    },
    {
      "category": "chunk_generation",
      "ci95_lower": 0.0319275334477425,
      "ci95_upper": 0.0353391319513321,
      "cv_percent": 14.173033475043,
      "iqr": 0.004,
      "max": 0.056,
      "mean": 0.0336333333333334,
      "median": 0.032,
      "metadata": {
        "base_resolution": 64,
        "chunk_size": 64.0,
        "config_name": "config_0_t1024_r64",
        "effective_resolution": 8,
        "lod_level": 3,
        "processor": "cpu"
      },
      "metric_name": "chunk_gen_lod3",
      "min": 0.03,
      "p95": 0.039,
      "p99": 0.056,
      "sample_count": 30,
      "samples": [
        0.037,
        0.035,
        0.039,
        0.034,
        0.033,
        0.031,
        0.035,
        0.032,
        0.031,
        0.031,
        0.031,
        0.036,
        0.031,
        0.033,
        0.032,
        0.032,
        0.035,
        0.037,
        0.033,
        0.032,
        0.056,
        0.032,
        0.031,
        0.032,
        0.031,
        0.031,
        0.03,
        0.033,
        0.032,
        0.031
      ],
      "standard_error": 0.000870306239315548,
      "std_dev": 0.00476686359210615,
      "timestamp": 1778411891,
      "unit": "ms"
    },
    {
      "category": "chunk_generation",
      "ci95_lower": 0.0214353483170271,
      "ci95_upper": 0.0335646532475948,
      "cv_percent": 61.6279573705519,
      "iqr": 0.003,
      "max": 0.116,
      "mean": 0.0275,
      "median": 0.024,
      "metadata": {
        "base_resolution": 64,
        "chunk_size": 64.0,
        "config_name": "config_0_t1024_r64",
        "effective_resolution": 4,
        "lod_level": 4,
        "processor": "cpu"
      },
      "metric_name": "chunk_gen_lod4",
      "min": 0.021,
      "p95": 0.034,
      "p99": 0.116,
      "sample_count": 30,
      "samples": [
        0.03,
        0.116,
        0.029,
        0.026,
        0.023,
        0.024,
        0.027,
        0.023,
        0.024,
        0.024,
        0.024,
        0.024,
        0.023,
        0.028,
        0.024,
        0.023,
        0.023,
        0.023,
        0.023,
        0.022,
        0.022,
        0.021,
        0.022,
        0.024,
        0.023,
        0.024,
        0.023,
        0.022,
        0.034,
        0.027
      ],
      "standard_error": 0.00309421038894166,
      "std_dev": 0.0169476882769018,
      "timestamp": 1778411891,
      "unit": "ms"
    },
    {
      "category": "cache",
      "ci95_lower": 0.767708480358124,
      "ci95_upper": 0.84615820646286,
      "cv_percent": 13.5840262120474,
      "iqr": 0.048,
      "max": 1.274,
      "mean": 0.806933333333333,
      "median": 0.772,
      "metadata": {
        "cache_size_mb": 200.0,
        "config_name": "config_0_t1024_r64"
      },
      "metric_name": "cache_cold_gen",
      "min": 0.725,
      "p95": 0.992,
      "p99": 1.274,
      "sample_count": 30,
      "samples": [
        0.992,
        0.868,
        0.789,
        0.79,
        0.784,
        0.755,
        0.883,
        0.767,
        0.758,
        0.73,
        0.757,
        0.733,
        0.727,
        1.274,
        0.777,
        0.797,
        0.725,
        0.756,
        0.811,
        0.958,
        0.777,
        0.768,
        0.731,
        0.767,
        0.748,
        0.772,
        0.74,
        0.787,
        0.884,
        0.803
      ],
      "standard_error": 0.0200126932900174,
      "std_dev": 0.109614035513748,
      "timestamp": 1778411891,
      "unit": "ms"
    },
    {
      "category": "cache",
      "ci95_lower": 0.00314661045558751,
      "ci95_upper": 0.00358672300353646,
      "cv_percent": 18.2657792037142,
      "iqr": 0.001,
      "max": 0.005,
      "mean": 0.00336666666666667,
      "median": 0.003,
      "metadata": {
        "cache_size_mb": 200.0,
        "config_name": "config_0_t1024_r64"
      },
      "metric_name": "cache_warm_hit",
      "min": 0.003,
      "p95": 0.005,
      "p99": 0.005,