{
  "environment": {
    "cpu_count": 16,
    "cpu_name": "13th Gen Intel(R) Core(TM) i7-13620H",
    "engine_version": "4.6.2-stable (official)",
    "gpu_name": "NVIDIA GeForce RTX 4070 Laptop GPU",
    "os_name": "Windows",
    "renderer": "forward_plus",
    "rendering_backend": "1.4.325",
    "timestamp": "2026-05-10T12:11:23"
  },
  "results": [
    {
      "category": "chunk_generation",
      "ci95_lower": 0.864368736743927,
      "ci95_upper": 1.10869789123535,
      "cv_percent": 34.6049457756982,
      "iqr": 0.19,
      "max": 2.689,
      "mean": 0.986533333333333,
      "median": 0.925,
      "metadata": {
        "base_resolution": 64,
        "chunk_size": 64.0,
        "config_name": "config_0_t1024_r64",
        "effective_resolution": 64,
        "lod_level": 0,
        "processor": "cpu"
      },
      "metric_name": "chunk_gen_lod0",
      "min": 0.792,
      "p95": 1.166,
      "p99": 2.689,
      "sample_count": 30,
      "samples": [
        0.887,
        0.942,
        0.925,
        0.937,
        0.888,
        0.801,
        0.792,
        0.815,
        1.116,
        1.11,
        0.997,
        0.979,
        1.005,
        0.825,
        0.814,
        0.805,
        0.813,
        1.044,
        0.998,
        0.974,
        0.826,
        0.81,
        0.798,
        0.866,
        1.12,
        1.097,
        1.166,
        2.689,
        0.925,
        0.832
      ],
      "standard_error": 0.0623288780754603,
      "std_dev": 0.341389325059188,
      "timestamp": 1778411483,
      "unit": "ms"
    },
    {
      "category": "chunk_generation",
      "ci95_lower": 0.2808698117733,
      "ci95_upper": 0.333730190992355,
      "cv_percent": 24.0348874163895,
      "iqr": 0.084,
      "max": 0.539,
      "mean": 0.3073,
      "median": 0.273,
      "metadata": {
        "base_resolution": 64,
        "chunk_size": 64.0,
        "config_name": "config_0_t1024_r64",
        "effective_resolution": 32,
        "lod_level": 1,
        "processor": "cpu"
      },
      "metric_name": "chunk_gen_lod1",
      "min": 0.247,
      "p95": 0.479,
      "p99": 0.539,
      "sample_count": 30,
      "samples": [
        0.365,
        0.312,
        0.446,
        0.539,
        0.479,
        0.374,
        0.286,
        0.284,
        0.265,
        0.346,
        0.311,
        0.254,
        0.251,
        0.255,
        0.255,
        0.25,
        0.248,
        0.247,
        0.271,
        0.255,
        0.248,
        0.248,
        0.25,
        0.252,
        0.273,
        0.336,
        0.314,
        0.337,
        0.335,
        0.333
      ],
      "standard_error": 0.0134847849551766,
      "std_dev": 0.073859209030565,
      "timestamp": 1778411483,
      "unit": "ms"
    },
    {
      "category": "chunk_generation",
      "ci95_lower": 0.14480023086071,
      "ci95_upper": 0.174666434526443,
      "cv_percent": 26.1251722091243,
      "iqr": 0.029,
      "max": 0.278,
      "mean": 0.159733333333333,
      "median": 0.144,
      "metadata": {
        "base_resolution": 64,
        "chunk_size": 64.0,
        "config_name": "config_0_t1024_r64",
        "effective_resolution": 16,
        "lod_level": 2,
        "processor": "cpu"
      },
      "metric_name": "chunk_gen_lod2",
      "min": 0.106,
      "p95": 0.263,
      "p99": 0.278,
      "sample_count": 30,
      "samples": [
        0.263,
        0.173,
        0.161,
        0.143,
        0.137,
        0.143,
        0.159,
        0.135,
        0.143,
        0.144,
        0.147,
        0.134,
        0.119,
        0.131,
        0.143,
        0.159,
        0.158,
        0.223,
        0.223,
        0.164,
        0.155,
        0.214,
        0.147,
        0.136,
        0.132,
        0.127,
        0.108,
        0.106,
        0.187,
        0.278
      ],
      "standard_error": 0.00761893185462135,
      "std_dev": 0.0417306084087079,
      "timestamp": 1778411483,
      "unit": "ms"
    },
    {
      "category": "chunk_generation",
      "ci95_lower": 0.0801322013139725,
      "ci95_upper": 0.0976011380553246,
      "cv_percent": 27.4664254281891,
      "iqr": 0.011,
      "max": 0.194,
      "mean": 0.0888666666666667,
      "median": 0.081,
      "metadata": {
        "base_resolution": 64,
        "chunk_size": 64.0,
        "config_name": "config_0_t1024_r64",
        "effective_resolution": 8,
        "lod_level": 3,
        "processor": "cpu"
      },
      "metric_name": "chunk_gen_lod3",
      "min": 0.07,
      "p95": 0.133,
      "p99": 0.194,
      "sample_count": 30,
      "samples": [
        0.194,
        0.11,
        0.116,
        0.088,
        0.081,
        0.084,
        0.133,
        0.107,
        0.093,
        0.082,
        0.088,
        0.081,
        0.085,
        0.087,
        0.084,
        0.088,
        0.079,
        0.079,
        0.082,
        0.08,
        0.076,
        0.073,
        0.079,
        0.081,
        0.071,
        0.071,
        0.07,
        0.077,
        0.075,
        0.072
      ],
      "standard_error": 0.00445636141803182,
      "std_dev": 0.0244084967305174,
      "timestamp": 1778411483,
      "unit": "ms"
    },
    {
      "category": "chunk_generation",
      "ci95_lower": 0.0703357011079788,
      "ci95_upper": 0.0997976288199425,
      "cv_percent": 48.3922982045285,
      "iqr": 0.019,
      "max": 0.266,
      "mean": 0.0850666666666667,
      "median": 0.069,
      "metadata": {
        "base_resolution": 64,
        "chunk_size": 64.0,
        "config_name": "config_0_t1024_r64",
        "effective_resolution": 4,
        "lod_level": 4,
        "processor": "cpu"
      },
      "metric_name": "chunk_gen_lod4",
      "min": 0.062,
      "p95": 0.167,
      "p99": 0.266,
      "sample_count": 30,
      "samples": [
        0.167,
        0.091,
        0.074,
        0.085,
        0.071,
        0.066,
        0.068,
        0.064,
        0.067,
        0.066,
        0.063,
        0.065,
        0.069,
        0.096,
        0.081,
        0.068,
        0.069,
        0.068,
        0.066,
        0.064,
        0.062,
        0.064,
        0.066,
        0.079,
        0.09,
        0.082,
        0.093,
        0.266,
        0.141,
        0.081
      ],
      "standard_error": 0.00751579690153573,
      "std_dev": 0.0411657150059855,
      "timestamp": 1778411483,
      "unit": "ms"
    },
    {
      "category": "cache",
      "ci95_lower": 0.888402104377747,
      "ci95_upper": 1.00319790840149,
      "cv_percent": 16.9590306970756,
      "iqr": 0.208,
      "max": 1.513,
      "mean": 0.9458,
      "median": 0.883,
      "metadata": {
        "cache_size_mb": 200.0,
        "config_name": "config_0_t1024_r64"
      },
      "metric_name": "cache_cold_gen",
      "min": 0.788,
      "p95": 1.222,
      "p99": 1.513,
      "sample_count": 30,
      "samples": [
        1.024,
        1.052,
        1.026,
        0.878,
        0.839,
        0.879,
        0.816,
        0.793,
        0.822,
        0.972,
        0.945,
        1.015,
        0.897,
        0.806,
        0.883,
        0.788,
        0.815,
        1.513,
        1.222,
        0.948,
        0.803,
        0.804,
        0.867,
        1.017,
        1.087,
        1.189,
        1.073,
        0.944,
        0.842,
        0.815
      ],
      "standard_error": 0.0292846277983408,
      "std_dev": 0.160398512332941,
      "timestamp": 1778411484,
      "unit": "ms"
    },
    {
      "category": "cache",
      "ci95_lower": 0.00296226050704718,
      "ci95_upper": 0.00343773956410587,
      "cv_percent": 20.761369963435,
      "iqr": 0.0,
      "max": 0.006,
      "mean": 0.0032,
      "median": 0.003,
      "metadata": {
        "cache_size_mb": 200.0,
        "config_name": "config_0_t1024_r64"
      },
      "metric_name": "cache_warm_hit",
      "min": 0.002,
      "p95": 0.004,
      "p99": 0.006,
      "sample_count": 30,