{
  "environment": {
    "cpu_count": 28,
    "cpu_name": "Intel(R) Core(TM) i7-14700KF",
    "engine_version": "4.6.2-stable (official)",
    "gpu_name": "NVIDIA GeForce RTX 4060 Ti",
    "os_name": "Windows",
    "renderer": "forward_plus",
    "rendering_backend": "1.4.312",
    "timestamp": "2026-05-14T10:34:37"
  },
  "results": [
    {
      "category": "chunk_generation",
      "ci95_lower": 14.0806179046631,
      "ci95_upper": 16.3242626190186,
      "cv_percent": 18.8245495125002,
      "iqr": 2.443,
      "max": 24.632,
      "mean": 15.20244,
      "median": 14.069,
      "metadata": {
        "base_resolution": 256,
        "chunk_size": 64.0,
        "config_name": "config_0_t1000_r256",
        "effective_resolution": 256,
        "lod_level": 0,
        "processor": "cpu"
      },
      "metric_name": "chunk_gen_lod0",
      "min": 12.524,
      "p95": 20.321,
      "p99": 24.632,
      "sample_count": 25,
      "samples": [
        13.398,
        13.287,
        12.895,
        24.632,
        12.848,
        14.77,
        12.812,
        13.91,
        14.069,
        13.482,
        12.524,
        13.656,
        19.611,
        17.147,
        20.321,
        15.086,
        14.303,
        17.519,
        15.417,
        15.841,
        13.362,
        14.641,
        13.606,
        17.197,
        13.727
      ],
      "standard_error": 0.572358168981627,
      "std_dev": 2.86179084490813,
      "timestamp": 1778751284,
      "unit": "ms"
    },
    {
      "category": "chunk_generation",
      "ci95_lower": 2.58793020248413,
      "ci95_upper": 5.00534963607788,
      "cv_percent": 81.2150526940132,
      "iqr": 1.217,
      "max": 18.311,
      "mean": 3.79664,
      "median": 2.854,
      "metadata": {
        "base_resolution": 256,
        "chunk_size": 64.0,
        "config_name": "config_0_t1000_r256",
        "effective_resolution": 128,
        "lod_level": 1,
        "processor": "cpu"
      },
      "metric_name": "chunk_gen_lod1",
      "min": 2.673,
      "p95": 4.287,
      "p99": 18.311,
      "sample_count": 25,
      "samples": [
        2.931,
        2.699,
        4.012,
        2.85,
        2.673,
        4.287,
        2.701,
        2.765,
        4.114,
        2.707,
        3.234,
        18.311,
        2.887,
        2.803,
        3.982,
        2.844,
        2.692,
        4.285,
        2.822,
        2.888,
        3.941,
        2.703,
        2.783,
        4.148,
        2.854
      ],
      "standard_error": 0.616688635320397,
      "std_dev": 3.08344317660198,
      "timestamp": 1778751284,
      "unit": "ms"
    },
    {
      "category": "chunk_generation",
      "ci95_lower": 0.679953813552856,
      "ci95_upper": 0.89148622751236,
      "cv_percent": 34.3394266419412,
      "iqr": 0.0700000000000001,
      "max": 2.07,
      "mean": 0.78572,
      "median": 0.741,
      "metadata": {
        "base_resolution": 256,
        "chunk_size": 64.0,
        "config_name": "config_0_t1000_r256",
        "effective_resolution": 64,
        "lod_level": 2,
        "processor": "cpu"
      },
      "metric_name": "chunk_gen_lod2",
      "min": 0.685,
      "p95": 0.786,
      "p99": 2.07,
      "sample_count": 25,
      "samples": [
        0.786,
        0.747,
        0.75,
        0.758,
        0.698,
        0.786,
        0.692,
        0.716,
        0.772,
        0.699,
        0.702,
        0.719,
        2.07,
        0.768,
        0.698,
        0.741,
        0.688,
        0.775,
        0.693,
        0.767,
        0.692,
        0.685,
        0.717,
        0.749,
        0.775
      ],
      "standard_error": 0.0539623486022121,
      "std_dev": 0.269811743011061,
      "timestamp": 1778751284,
      "unit": "ms"
    },
    {
      "category": "chunk_generation",
      "ci95_lower": 0.200366571545601,
      "ci95_upper": 0.214833438396454,
      "cv_percent": 8.88855591871191,
      "iqr": 0.026,
      "max": 0.258,
      "mean": 0.2076,
      "median": 0.2,
      "metadata": {
        "base_resolution": 256,
        "chunk_size": 64.0,
        "config_name": "config_0_t1000_r256",
        "effective_resolution": 32,
        "lod_level": 3,
        "processor": "cpu"
      },
      "metric_name": "chunk_gen_lod3",
      "min": 0.188,
      "p95": 0.243,
      "p99": 0.258,
      "sample_count": 25,
      "samples": [
        0.211,
        0.197,
        0.202,
        0.23,
        0.194,
        0.258,
        0.197,
        0.208,
        0.243,
        0.194,
        0.189,
        0.197,
        0.2,
        0.2,
        0.188,
        0.212,
        0.194,
        0.234,
        0.196,
        0.222,
        0.189,
        0.19,
        0.203,
        0.22,
        0.222
      ],
      "standard_error": 0.00369052841744919,
      "std_dev": 0.0184526420872459,
      "timestamp": 1778751284,
      "unit": "ms"
    },
    {
      "category": "chunk_generation",
      "ci95_lower": 0.0742794498801231,
      "ci95_upper": 0.083000548183918,
      "cv_percent": 14.1452800800967,
      "iqr": 0.018,
      "max": 0.108,
      "mean": 0.07864,
      "median": 0.074,
      "metadata": {
        "base_resolution": 256,
        "chunk_size": 64.0,
        "config_name": "config_0_t1000_r256",
        "effective_resolution": 16,
        "lod_level": 4,
        "processor": "cpu"
      },
      "metric_name": "chunk_gen_lod4",
      "min": 0.066,
      "p95": 0.097,
      "p99": 0.108,
      "sample_count": 25,
      "samples": [
        0.08,
        0.07,
        0.084,
        0.093,
        0.073,
        0.108,
        0.071,
        0.078,
        0.09,
        0.072,
        0.067,
        0.074,
        0.072,
        0.072,
        0.068,
        0.082,
        0.066,
        0.097,
        0.069,
        0.089,
        0.068,
        0.067,
        0.078,
        0.088,
        0.09
      ],
      "standard_error": 0.0022247696509976,
      "std_dev": 0.011123848254988,
      "timestamp": 1778751284,
      "unit": "ms"
    },
    {
      "category": "cache",
      "ci95_lower": 13.1117391586304,
      "ci95_upper": 13.4737005233765,
      "cv_percent": 3.47322238369348,
      "iqr": 0.706,
      "max": 14.165,
      "mean": 13.29272,
      "median": 13.242,
      "metadata": {
        "cache_size_mb": 200.0,
        "config_name": "config_0_t1000_r256"
      },
      "metric_name": "cache_cold_gen",
      "min": 12.526,
      "p95": 13.92,
      "p99": 14.165,
      "sample_count": 25,
      "samples": [
        14.165,
        12.927,
        13.829,
        13.242,
        13.92,
        13.463,
        13.4,
        12.957,
        13.834,
        12.617,
        13.193,
        12.704,
        13.909,
        12.554,
        13.31,
        12.941,
        13.213,
        13.663,
        13.214,
        13.077,
        13.283,
        12.526,
        13.502,
        13.014,
        13.861
      ],
      "standard_error": 0.0923371452883399,
      "std_dev": 0.4616857264417,
      "timestamp": 1778751285,
      "unit": "ms"
    },
    {
      "category": "cache",
      "ci95_lower": 0.00282890163362026,
      "ci95_upper": 0.00325109856203198,
      "cv_percent": 17.7143579182056,
      "iqr": 0.0,
      "max": 0.005,
      "mean": 0.00304,
      "median": 0.003,
      "metadata": {
        "cache_size_mb": 200.0,
        "config_name": "config_0_t1000_r256"
      },
      "metric_name": "cache_warm_hit",
      "min": 0.002,
      "p95": 0.004,
      "p99": 0.005,
      "sample_count": 25,
      "samples": [
        0.005,
        0.003,
        0.003,
        0.003,
        0.003,
        0.004,
        0.003,
        0.003,
        0.003,
        0.003,
        0.003,
        0.003,
        0.003,
        0.003,
        0.003,
        0.003,
        0.003,
        0.003,
        0.003,
        0.003,
        0.003,
        0.002,
        0.003,
        0.003,
        0.002
      ],
      "standard_error": 0.00010770329614269,
      "std_dev": 0.00053851648071345,