{
  "environment": {
    "cpu_count": 28,
    "cpu_name": "Intel(R) Core(TM) i7-14700KF",
    "engine_version": "4.6.2-stable (official)",
    "gpu_name": "NVIDIA GeForce RTX 4060 Ti",
    "os_name": "Windows",
    "renderer": "forward_plus",
    "rendering_backend": "1.4.312",
    "timestamp": "2026-05-14T10:37:42"
  },
  "results": [
    {
      "category": "chunk_generation",
      "ci95_lower": 804.053283691406,
      "ci95_upper": 835.211730957031,
      "cv_percent": 4.84887100390476,
      "iqr": 40.597,
      "max": 912.167,
      "mean": 819.63248,
      "median": 804.383,
      "metadata": {
        "base_resolution": 2000,
        "chunk_size": 64.0,
        "config_name": "config_0_t1000_r2000",
        "effective_resolution": 2000,
        "lod_level": 0,
        "processor": "cpu"
      },
      "metric_name": "chunk_gen_lod0",
      "min": 762.223,
      "p95": 910.885,
      "p99": 912.167,
      "sample_count": 25,
      "samples": [
        762.223,
        768.845,
        800.115,
        804.383,
        875.082,
        833.065,
        787.962,
        800.001,
        830.394,
        792.38,
        800.389,
        808.204,
        813.92,
        799.288,
        860.03,
        813.711,
        787.266,
        912.167,
        802.727,
        839.885,
        848.719,
        777.24,
        801.22,
        910.885,
        860.711
      ],
      "standard_error": 7.9485843322611,
      "std_dev": 39.7429216613055,
      "timestamp": 1778751493,
      "unit": "ms"
    },
    {
      "category": "chunk_generation",
      "ci95_lower": 197.196029663086,
      "ci95_upper": 230.879974365234,
      "cv_percent": 20.0731679639376,
      "iqr": 78.321,
      "max": 303.031,
      "mean": 214.038,
      "median": 187.438,
      "metadata": {
        "base_resolution": 2000,
        "chunk_size": 64.0,
        "config_name": "config_0_t1000_r2000",
        "effective_resolution": 1000,
        "lod_level": 1,
        "processor": "cpu"
      },
      "metric_name": "chunk_gen_lod1",
      "min": 175.286,
      "p95": 298.993,
      "p99": 303.031,
      "sample_count": 25,
      "samples": [
        267.385,
        178.178,
        181.713,
        263.382,
        175.286,
        271.796,
        179.694,
        183.82,
        265.303,
        176.188,
        260.034,
        182.02,
        182.336,
        303.031,
        191.482,
        229.633,
        179.152,
        189.504,
        230.088,
        187.438,
        223.453,
        179.616,
        184.633,
        298.993,
        186.792
      ],
      "standard_error": 8.59284144933056,
      "std_dev": 42.9642072466528,
      "timestamp": 1778751500,
      "unit": "ms"
    },
    {
      "category": "chunk_generation",
      "ci95_lower": 43.5734710693359,
      "ci95_upper": 57.3506889343262,
      "cv_percent": 34.8241285180292,
      "iqr": 1.912,
      "max": 124.177,
      "mean": 50.46208,
      "median": 45.848,
      "metadata": {
        "base_resolution": 2000,
        "chunk_size": 64.0,
        "config_name": "config_0_t1000_r2000",
        "effective_resolution": 500,
        "lod_level": 2,
        "processor": "cpu"
      },
      "metric_name": "chunk_gen_lod2",
      "min": 43.684,
      "p95": 88.017,
      "p99": 124.177,
      "sample_count": 25,
      "samples": [
        46.761,
        44.375,
        45.107,
        45.635,
        43.684,
        46.948,
        44.059,
        124.177,
        46.842,
        44.969,
        44.198,
        46.879,
        45.716,
        46.637,
        44.921,
        47.111,
        44.93,
        88.017,
        45.848,
        47.328,
        46.53,
        43.737,
        45.05,
        46.134,
        45.959
      ],
      "standard_error": 3.51459591841414,
      "std_dev": 17.5729795920707,
      "timestamp": 1778751501,
      "unit": "ms"
    },
    {
      "category": "chunk_generation",
      "ci95_lower": 9.36767482757568,
      "ci95_upper": 15.8202447891235,
      "cv_percent": 65.3513126666839,
      "iqr": 0.678999999999998,
      "max": 52.023,
      "mean": 12.59396,
      "median": 10.902,
      "metadata": {
        "base_resolution": 2000,
        "chunk_size": 64.0,
        "config_name": "config_0_t1000_r2000",
        "effective_resolution": 250,
        "lod_level": 3,
        "processor": "cpu"
      },
      "metric_name": "chunk_gen_lod3",
      "min": 10.13,
      "p95": 12.655,
      "p99": 52.023,
      "sample_count": 25,
      "samples": [
        11.439,
        10.595,
        10.85,
        11.133,
        10.149,
        11.232,
        10.717,
        52.023,
        11.432,
        10.612,
        10.13,
        10.529,
        10.902,
        10.92,
        10.837,
        11.357,
        10.589,
        12.655,
        10.521,
        11.406,
        10.845,
        10.561,
        11.043,
        11.098,
        11.274
      ],
      "standard_error": 1.64606363534342,
      "std_dev": 8.23031817671711,
      "timestamp": 1778751502,
      "unit": "ms"
    },
    {
      "category": "chunk_generation",
      "ci95_lower": 2.51264572143555,
      "ci95_upper": 2.58655428886414,
      "cv_percent": 3.69749483321217,
      "iqr": 0.151,
      "max": 2.766,
      "mean": 2.5496,
      "median": 2.529,
      "metadata": {
        "base_resolution": 2000,
        "chunk_size": 64.0,
        "config_name": "config_0_t1000_r2000",
        "effective_resolution": 125,
        "lod_level": 4,
        "processor": "cpu"
      },
      "metric_name": "chunk_gen_lod4",
      "min": 2.451,
      "p95": 2.705,
      "p99": 2.766,
      "sample_count": 25,
      "samples": [
        2.584,
        2.485,
        2.517,
        2.67,
        2.465,
        2.701,
        2.454,
        2.535,
        2.593,
        2.462,
        2.456,
        2.525,
        2.53,
        2.529,
        2.458,
        2.766,
        2.451,
        2.705,
        2.457,
        2.641,
        2.457,
        2.476,
        2.566,
        2.613,
        2.644
      ],
      "standard_error": 0.0188542656535155,
      "std_dev": 0.0942713282675774,
      "timestamp": 1778751502,
      "unit": "ms"
    },
    {
      "category": "cache",
      "ci95_lower": 805.541748046875,
      "ci95_upper": 834.615173339844,
      "cv_percent": 4.5219381503328,
      "iqr": 54.862,
      "max": 910.92,
      "mean": 820.07848,
      "median": 800.674,
      "metadata": {
        "cache_size_mb": 200.0,
        "config_name": "config_0_t1000_r2000"
      },
      "metric_name": "cache_cold_gen",
      "min": 783.234,
      "p95": 879.828,
      "p99": 910.92,
      "sample_count": 25,
      "samples": [
        879.828,
        846.252,
        798.743,
        813.01,
        865.367,
        910.92,
        791.39,
        793.813,
        820.175,
        783.801,
        787.387,
        783.234,
        805.596,
        797.516,
        789.675,
        872.205,
        787.873,
        835.951,
        867.087,
        815.834,
        794.466,
        870.295,
        790.988,
        799.882,
        800.674
      ],
      "standard_error": 7.41668832995787,
      "std_dev": 37.0834416497894,
      "timestamp": 1778751522,
      "unit": "ms"
    },
    {
      "category": "cache",
      "ci95_lower": 0.00272048404440284,
      "ci95_upper": 0.00319951586425304,
      "cv_percent": 20.6422328601614,
      "iqr": 0.0,
      "max": 0.005,
      "mean": 0.00296,
      "median": 0.003,
      "metadata": {
        "cache_size_mb": 200.0,
        "config_name": "config_0_t1000_r2000"
      },
      "metric_name": "cache_warm_hit",
      "min": 0.002,
      "p95": 0.004,
      "p99": 0.005,
      "sample_count": 25,