{
  "environment": {
    "cpu_count": 10,
    "cpu_name": "Apple M4",
    "engine_version": "4.6.2-stable (official)",
    "gpu_name": "Apple M4 (Apple9)",
    "os_name": "macOS",
    "renderer": "forward_plus",
    "rendering_backend": "4.0",
    "timestamp": "2026-05-27T13:01:51"
  },
  "results": [
    {
      "category": "chunk_generation",
      "ci95_lower": 6.35227203369141,
      "ci95_upper": 6.90844821929932,
      "cv_percent": 10.6993989300076,
      "iqr": 0.231,
      "max": 9.037,
      "mean": 6.63036,
      "median": 6.384,
      "metadata": {
        "base_resolution": 256,
        "chunk_size": 64.0,
        "config_name": "config_0_t1000_r256",
        "effective_resolution": 256,
        "lod_level": 0,
        "processor": "cpu"
      },
      "metric_name": "chunk_gen_lod0",
      "min": 6.242,
      "p95": 8.855,
      "p99": 9.037,
      "sample_count": 25,
      "samples": [
        6.459,
        6.347,
        6.568,
        6.742,
        6.57,
        6.688,
        6.337,
        6.428,
        9.037,
        6.242,
        6.343,
        6.323,
        6.427,
        6.362,
        6.322,
        6.629,
        6.294,
        6.53,
        6.312,
        6.362,
        8.855,
        6.365,
        6.384,
        6.312,
        6.521
      ],
      "standard_error": 0.141881733379131,
      "std_dev": 0.709408666895653,
      "timestamp": 1779883330,
      "unit": "ms"
    },
    {
      "category": "chunk_generation",
      "ci95_lower": 1.62139141559601,
      "ci95_upper": 1.64628851413727,
      "cv_percent": 1.94367068728994,
      "iqr": 0.0419999999999998,
      "max": 1.701,
      "mean": 1.63384,
      "median": 1.634,
      "metadata": {
        "base_resolution": 256,
        "chunk_size": 64.0,
        "config_name": "config_0_t1000_r256",
        "effective_resolution": 128,
        "lod_level": 1,
        "processor": "cpu"
      },
      "metric_name": "chunk_gen_lod1",
      "min": 1.587,
      "p95": 1.694,
      "p99": 1.701,
      "sample_count": 25,
      "samples": [
        1.628,
        1.635,
        1.694,
        1.684,
        1.608,
        1.671,
        1.615,
        1.622,
        1.656,
        1.594,
        1.618,
        1.656,
        1.599,
        1.637,
        1.587,
        1.65,
        1.607,
        1.701,
        1.639,
        1.591,
        1.595,
        1.63,
        1.647,
        1.634,
        1.648
      ],
      "standard_error": 0.00635129383144358,
      "std_dev": 0.0317564691572179,
      "timestamp": 1779883331,
      "unit": "ms"
    },
    {
      "category": "chunk_generation",
      "ci95_lower": 0.322370707988739,
      "ci95_upper": 0.796989321708679,
      "cv_percent": 108.165532550179,
      "iqr": 0.018,
      "max": 3.465,
      "mean": 0.55968,
      "median": 0.439,
      "metadata": {
        "base_resolution": 256,
        "chunk_size": 64.0,
        "config_name": "config_0_t1000_r256",
        "effective_resolution": 64,
        "lod_level": 2,
        "processor": "cpu"
      },
      "metric_name": "chunk_gen_lod2",
      "min": 0.422,
      "p95": 0.465,
      "p99": 3.465,
      "sample_count": 25,
      "samples": [
        0.424,
        0.448,
        0.461,
        0.465,
        0.429,
        0.447,
        0.43,
        0.433,
        0.424,
        0.439,
        0.437,
        3.465,
        0.439,
        0.443,
        0.429,
        0.451,
        0.445,
        0.447,
        0.427,
        0.422,
        0.425,
        0.432,
        0.444,
        0.445,
        0.441
      ],
      "standard_error": 0.121076170515369,
      "std_dev": 0.605380852576844,
      "timestamp": 1779883331,
      "unit": "ms"
    },
    {
      "category": "chunk_generation",
      "ci95_lower": 0.127427652478218,
      "ci95_upper": 0.131692349910736,
      "cv_percent": 4.19857140134583,
      "iqr": 0.00700000000000001,
      "max": 0.141,
      "mean": 0.12956,
      "median": 0.127,
      "metadata": {
        "base_resolution": 256,
        "chunk_size": 64.0,
        "config_name": "config_0_t1000_r256",
        "effective_resolution": 32,
        "lod_level": 3,
        "processor": "cpu"
      },
      "metric_name": "chunk_gen_lod3",
      "min": 0.121,
      "p95": 0.14,
      "p99": 0.141,
      "sample_count": 25,
      "samples": [
        0.125,
        0.134,
        0.137,
        0.14,
        0.127,
        0.133,
        0.127,
        0.125,
        0.124,
        0.138,
        0.128,
        0.132,
        0.129,
        0.133,
        0.121,
        0.135,
        0.127,
        0.141,
        0.126,
        0.127,
        0.124,
        0.126,
        0.125,
        0.129,
        0.126
      ],
      "standard_error": 0.00108793382151673,
      "std_dev": 0.00543966910758366,
      "timestamp": 1779883331,
      "unit": "ms"
    },
    {
      "category": "chunk_generation",
      "ci95_lower": 0.0490781366825104,
      "ci95_upper": 0.0537218637764454,
      "cv_percent": 11.5235769415803,
      "iqr": 0.007,
      "max": 0.074,
      "mean": 0.0514,
      "median": 0.049,
      "metadata": {
        "base_resolution": 256,
        "chunk_size": 64.0,
        "config_name": "config_0_t1000_r256",
        "effective_resolution": 16,
        "lod_level": 4,
        "processor": "cpu"
      },
      "metric_name": "chunk_gen_lod4",
      "min": 0.046,
      "p95": 0.058,
      "p99": 0.074,
      "sample_count": 25,
      "samples": [
        0.055,
        0.051,
        0.058,
        0.057,
        0.048,
        0.055,
        0.047,
        0.074,
        0.048,
        0.049,
        0.048,
        0.05,
        0.049,
        0.05,
        0.046,
        0.054,
        0.048,
        0.055,
        0.048,
        0.048,
        0.056,
        0.047,
        0.048,
        0.049,
        0.047
      ],
      "standard_error": 0.00118462370959446,
      "std_dev": 0.00592311854797229,
      "timestamp": 1779883331,
      "unit": "ms"
    },
    {
      "category": "cache",
      "ci95_lower": 6.30776071548462,
      "ci95_upper": 6.92503929138184,
      "cv_percent": 11.8999068158953,
      "iqr": 0.134,
      "max": 9.307,
      "mean": 6.6164,
      "median": 6.402,
      "metadata": {
        "cache_size_mb": 200.0,
        "config_name": "config_0_t1000_r256"
      },
      "metric_name": "cache_cold_gen",
      "min": 6.18,
      "p95": 9.123,
      "p99": 9.307,
      "sample_count": 25,
      "samples": [
        6.512,
        6.18,
        6.38,
        6.468,
        6.264,
        6.439,
        6.512,
        6.378,
        6.36,
        6.288,
        6.252,
        9.307,
        6.482,
        6.348,
        6.344,
        6.513,
        6.402,
        6.513,
        6.376,
        6.369,
        6.443,
        6.416,
        6.419,
        9.123,
        6.322
      ],
      "standard_error": 0.157469086913379,
      "std_dev": 0.787345434566895,
      "timestamp": 1779883331,
      "unit": "ms"
    },
    {
      "category": "cache",
      "ci95_lower": 0.00124140386469662,
      "ci95_upper": 0.00163859617896378,
      "cv_percent": 35.1821392443765,
      "iqr": 0.001,
      "max": 0.002,
      "mean": 0.00144,
      "median": 0.001,
      "metadata": {
        "cache_size_mb": 200.0,
        "config_name": "config_0_t1000_r256"
      },
      "metric_name": "cache_warm_hit",
      "min": 0.001,
      "p95": 0.002,
      "p99": 0.002,
      "sample_count": 25,
      "samples": [
        0.002,
        0.002,
        0.002,
        0.001,
        0.002,
        0.002,
        0.001,
        0.002,
        0.001,
        0.001,
        0.002,
        0.002,
        0.001,
        0.002,
        0.001,
        0.001,
        0.002,
        0.001,
        0.001,
        0.001,
        0.001,
        0.001,
        0.001,
        0.002,
        0.001
      ],
      "standard_error": 0.000101324561023804,
      "std_dev": 0.000506622805119022,
      "timestamp": 1779883331,