{
  "environment": {
    "cpu_count": 28,
    "cpu_name": "Intel(R) Core(TM) i7-14700KF",
    "engine_version": "4.6.2-stable (official)",
    "gpu_name": "NVIDIA GeForce RTX 4060 Ti",
    "os_name": "Windows",
    "renderer": "forward_plus",
    "rendering_backend": "1.4.312",
    "timestamp": "2026-05-12T15:20:33"
  },
  "results": [
    {
      "category": "chunk_generation",
      "ci95_lower": 10.2278442382813,
      "ci95_upper": 14.606315612793,
      "cv_percent": 44.9766399613894,
      "iqr": 0.315,
      "max": 31.119,
      "mean": 12.41708,
      "median": 10.712,
      "metadata": {
        "base_resolution": 256,
        "chunk_size": 64.0,
        "config_name": "config_0_t5000_r256",
        "effective_resolution": 256,
        "lod_level": 0,
        "processor": "cpu"
      },
      "metric_name": "chunk_gen_lod0",
      "min": 10.523,
      "p95": 30.78,
      "p99": 31.119,
      "sample_count": 25,
      "samples": [
        10.523,
        10.67,
        10.658,
        10.698,
        10.596,
        10.621,
        10.544,
        10.703,
        10.76,
        31.119,
        10.565,
        10.712,
        10.568,
        11.636,
        11.446,
        10.848,
        10.781,
        10.972,
        11.282,
        10.857,
        10.89,
        10.936,
        30.78,
        10.696,
        10.566
      ],
      "standard_error": 1.11695707306354,
      "std_dev": 5.58478536531769,
      "timestamp": 1778595673,
      "unit": "ms"
    },
    {
      "category": "cache",
      "ci95_lower": 10.3015975952148,
      "ci95_upper": 14.6996030807495,
      "cv_percent": 44.875453519929,
      "iqr": 0.177,
      "max": 30.98,
      "mean": 12.5006,
      "median": 10.741,
      "metadata": {
        "cache_size_mb": 200.0,
        "config_name": "config_0_t5000_r256"
      },
      "metric_name": "cache_cold_gen",
      "min": 10.577,
      "p95": 30.916,
      "p99": 30.98,
      "sample_count": 25,
      "samples": [
        14.718,
        10.825,
        10.616,
        10.673,
        10.744,
        10.785,
        10.577,
        10.645,
        10.715,
        30.916,
        10.741,
        10.686,
        10.877,
        10.601,
        10.63,
        10.929,
        10.631,
        10.804,
        10.783,
        10.707,
        10.742,
        10.726,
        30.98,
        10.822,
        10.642
      ],
      "standard_error": 1.12194018854245,
      "std_dev": 5.60970094271225,
      "timestamp": 1778595675,
      "unit": "ms"
    },
    {
      "category": "cache",
      "ci95_lower": 0.00240935897454619,
      "ci95_upper": 0.00295064086094499,
      "cv_percent": 25.7615860413034,
      "iqr": 0.001,
      "max": 0.005,
      "mean": 0.00268,
      "median": 0.003,
      "metadata": {
        "cache_size_mb": 200.0,
        "config_name": "config_0_t5000_r256"
      },
      "metric_name": "cache_warm_hit",
      "min": 0.002,
      "p95": 0.003,
      "p99": 0.005,
      "sample_count": 25,
      "samples": [
        0.005,
        0.003,
        0.003,
        0.002,
        0.003,
        0.003,
        0.003,
        0.002,
        0.002,
        0.002,
        0.003,
        0.003,
        0.003,
        0.003,
        0.002,
        0.003,
        0.003,
        0.003,
        0.002,
        0.002,
        0.003,
        0.002,
        0.003,
        0.002,
        0.002
      ],
      "standard_error": 0.000138082101181387,
      "std_dev": 0.000690410505906933,
      "timestamp": 1778595675,
      "unit": "ms"
    },
    {
      "category": "cache",
      "ci95_lower": 2.40802764892578,
      "ci95_upper": 2.40802764892578,
      "cv_percent": 0.0,
      "iqr": 0.0,
      "max": 2.40802764892578,
      "mean": 2.40802764892578,
      "median": 2.40802764892578,
      "metadata": {
        "cache_size_mb": 200.0,
        "config_name": "config_0_t5000_r256"
      },
      "metric_name": "cache_memory",
      "min": 2.40802764892578,
      "p95": 2.40802764892578,
      "p99": 2.40802764892578,
      "sample_count": 1,
      "samples": [
        2.40802764892578
      ],
      "standard_error": 0.0,
      "std_dev": 0.0,
      "timestamp": 1778595675,
      "unit": "MB"
    },
    {
      "category": "async_loading",
      "ci95_lower": 263.046997070313,
      "ci95_upper": 263.046997070313,
      "cv_percent": 0.0,
      "iqr": 0.0,
      "max": 263.047,
      "mean": 263.047,
      "median": 263.047,
      "metadata": {
        "chunk_count": 25,
        "completed_chunks": 25,
        "concurrency": 1,
        "config_name": "config_0_t5000_r256",
        "configured_concurrency": 1,
        "hw_thread_count": 28,
        "tier": "sequential",
        "timed_out": false
      },
      "metric_name": "async_wall_time_sequential",
      "min": 263.047,
      "p95": 263.047,
      "p99": 263.047,
      "sample_count": 1,
      "samples": [
        263.047
      ],
      "standard_error": 0.0,
      "std_dev": 0.0,
      "timestamp": 1778595677,
      "unit": "ms"
    },
    {
      "category": "async_loading",
      "ci95_lower": 117.291976928711,
      "ci95_upper": 177.339614868164,
      "cv_percent": 51.9912866828696,
      "iqr": 99.358,
      "max": 262.738,
      "mean": 147.3158,
      "median": 141.489,
      "metadata": {
        "chunk_count": 25,
        "completed_chunks": 25,
        "concurrency": 1,
        "config_name": "config_0_t5000_r256",
        "configured_concurrency": 1,
        "hw_thread_count": 28,
        "tier": "sequential",
        "timed_out": false
      },
      "metric_name": "async_chunk_latency_sequential",
      "min": 21.312,
      "p95": 262.732,
      "p99": 262.738,
      "sample_count": 25,
      "samples": [
        21.331,
        21.312,
        40.015,
        65.784,
        65.782,
        65.78,
        104.102,
        104.102,
        104.013,
        103.995,
        120.043,
        141.489,
        141.484,
        173.163,
        173.158,
        173.15,
        176.731,
        203.353,
        203.348,
        238.829,
        238.826,
        238.821,
        238.814,
        262.738,
        262.732
      ],
      "standard_error": 15.3182759814325,
      "std_dev": 76.5913799071627,
      "timestamp": 1778595677,
      "unit": "ms"
    },
    {
      "category": "async_loading",
      "ci95_lower": 95.0400466918945,
      "ci95_upper": 95.0400466918945,
      "cv_percent": 0.0,
      "iqr": 0.0,
      "max": 95.0400498770182,
      "mean": 95.0400498770182,
      "median": 95.0400498770182,
      "metadata": {
        "chunk_count": 25,
        "completed_chunks": 25,
        "concurrency": 1,
        "config_name": "config_0_t5000_r256",
        "configured_concurrency": 1,
        "hw_thread_count": 28,
        "tier": "sequential",
        "timed_out": false
      },
      "metric_name": "async_throughput_sequential",
      "min": 95.0400498770182,
      "p95": 95.0400498770182,
      "p99": 95.0400498770182,
      "sample_count": 1,
      "samples": [
        95.0400498770182
      ],
      "standard_error": 0.0,
      "std_dev": 0.0,
      "timestamp": 1778595677,
      "unit": "chunks/sec"
    },
    {
      "category": "async_loading",
      "ci95_lower": 225.481002807617,
      "ci95_upper": 225.481002807617,
      "cv_percent": 0.0,
      "iqr": 0.0,
      "max": 225.481,
      "mean": 225.481,
      "median": 225.481,
      "metadata": {
        "chunk_count": 25,
        "completed_chunks": 25,
        "concurrency": 28,
        "config_name": "config_0_t5000_r256",
        "configured_concurrency": 1,
        "hw_thread_count": 28,
        "tier": "hw_ceiling_28",
        "timed_out": false
      },
      "metric_name": "async_wall_time_hw_ceiling_28",
      "min": 225.481,
      "p95": 225.481,
      "p99": 225.481,
      "sample_count": 1,
      "samples": [
        225.481
      ],
      "standard_error": 0.0,
      "std_dev": 0.0,
      "timestamp": 1778595685,