{
  "environment": {
    "cpu_count": 16,
    "cpu_name": "13th Gen Intel(R) Core(TM) i7-13620H",
    "engine_version": "4.6.2-stable (official)",
    "gpu_name": "NVIDIA GeForce RTX 4070 Laptop GPU",
    "os_name": "Windows",
    "renderer": "forward_plus",
    "rendering_backend": "1.4.325",
    "timestamp": "2026-05-28T10:25:05"
  },
  "results": [
    {
      "category": "chunk_generation",
      "ci95_lower": 12.3456172943115,
      "ci95_upper": 12.9899826049805,
      "cv_percent": 6.4880575456607,
      "iqr": 0.298,
      "max": 15.375,
      "mean": 12.6678,
      "median": 12.425,
      "metadata": {
        "base_resolution": 256,
        "chunk_size": 64.0,
        "config_name": "config_0_t1000_r256",
        "effective_resolution": 256,
        "lod_level": 0,
        "processor": "cpu"
      },
      "metric_name": "chunk_gen_lod0",
      "min": 12.084,
      "p95": 15.254,
      "p99": 15.375,
      "sample_count": 25,
      "samples": [
        12.672,
        12.14,
        12.289,
        12.742,
        12.763,
        12.439,
        12.487,
        12.336,
        12.475,
        15.254,
        12.084,
        12.425,
        12.367,
        12.233,
        12.302,
        12.286,
        12.244,
        12.965,
        12.357,
        12.355,
        12.399,
        12.526,
        15.375,
        12.6,
        12.58
      ],
      "standard_error": 0.164378830753841,
      "std_dev": 0.821894153769206,
      "timestamp": 1779960308,
      "unit": "ms"
    },
    {
      "category": "chunk_generation",
      "ci95_lower": 2.83686208724976,
      "ci95_upper": 2.89097785949707,
      "cv_percent": 2.41016890722831,
      "iqr": 0.0790000000000002,
      "max": 3.078,
      "mean": 2.86392,
      "median": 2.857,
      "metadata": {
        "base_resolution": 256,
        "chunk_size": 64.0,
        "config_name": "config_0_t1000_r256",
        "effective_resolution": 128,
        "lod_level": 1,
        "processor": "cpu"
      },
      "metric_name": "chunk_gen_lod1",
      "min": 2.788,
      "p95": 2.971,
      "p99": 3.078,
      "sample_count": 25,
      "samples": [
        2.95,
        2.929,
        3.078,
        2.894,
        2.79,
        2.883,
        2.971,
        2.819,
        2.826,
        2.805,
        2.815,
        2.812,
        2.857,
        2.865,
        2.862,
        2.818,
        2.828,
        2.861,
        2.825,
        2.804,
        2.788,
        2.797,
        2.938,
        2.912,
        2.871
      ],
      "standard_error": 0.0138050618735786,
      "std_dev": 0.069025309367893,
      "timestamp": 1779960308,
      "unit": "ms"
    },
    {
      "category": "chunk_generation",
      "ci95_lower": 0.721763372421265,
      "ci95_upper": 0.754796624183655,
      "cv_percent": 5.70707996265181,
      "iqr": 0.027,
      "max": 0.888,
      "mean": 0.73828,
      "median": 0.722,
      "metadata": {
        "base_resolution": 256,
        "chunk_size": 64.0,
        "config_name": "config_0_t1000_r256",
        "effective_resolution": 64,
        "lod_level": 2,
        "processor": "cpu"
      },
      "metric_name": "chunk_gen_lod2",
      "min": 0.705,
      "p95": 0.838,
      "p99": 0.888,
      "sample_count": 25,
      "samples": [
        0.737,
        0.838,
        0.772,
        0.717,
        0.719,
        0.737,
        0.761,
        0.723,
        0.718,
        0.718,
        0.725,
        0.722,
        0.715,
        0.71,
        0.742,
        0.705,
        0.715,
        0.719,
        0.711,
        0.732,
        0.759,
        0.752,
        0.71,
        0.712,
        0.888
      ],
      "standard_error": 0.00842684598965315,
      "std_dev": 0.0421342299482658,
      "timestamp": 1779960309,
      "unit": "ms"
    },
    {
      "category": "chunk_generation",
      "ci95_lower": 0.194238871335983,
      "ci95_upper": 0.201121121644974,
      "cv_percent": 4.44070342925025,
      "iqr": 0.00800000000000001,
      "max": 0.225,
      "mean": 0.19768,
      "median": 0.195,
      "metadata": {
        "base_resolution": 256,
        "chunk_size": 64.0,
        "config_name": "config_0_t1000_r256",
        "effective_resolution": 32,
        "lod_level": 3,
        "processor": "cpu"
      },
      "metric_name": "chunk_gen_lod3",
      "min": 0.187,
      "p95": 0.211,
      "p99": 0.225,
      "sample_count": 25,
      "samples": [
        0.195,
        0.21,
        0.201,
        0.198,
        0.192,
        0.193,
        0.194,
        0.198,
        0.194,
        0.198,
        0.194,
        0.197,
        0.225,
        0.21,
        0.194,
        0.189,
        0.187,
        0.203,
        0.194,
        0.188,
        0.189,
        0.19,
        0.211,
        0.203,
        0.195
      ],
      "standard_error": 0.00175567650778838,
      "std_dev": 0.0087783825389419,
      "timestamp": 1779960309,
      "unit": "ms"
    },
    {
      "category": "chunk_generation",
      "ci95_lower": -0.315457850694656,
      "ci95_upper": 1.2956178188324,
      "cv_percent": 419.307767989191,
      "iqr": 0.00700000000000001,
      "max": 10.35,
      "mean": 0.49008,
      "median": 0.065,
      "metadata": {
        "base_resolution": 256,
        "chunk_size": 64.0,
        "config_name": "config_0_t1000_r256",
        "effective_resolution": 16,
        "lod_level": 4,
        "processor": "cpu"
      },
      "metric_name": "chunk_gen_lod4",
      "min": 0.059,
      "p95": 0.349,
      "p99": 10.35,
      "sample_count": 25,
      "samples": [
        0.063,
        10.35,
        0.106,
        0.072,
        0.067,
        0.065,
        0.074,
        0.062,
        0.062,
        0.063,
        0.062,
        0.063,
        0.061,
        0.064,
        0.059,
        0.349,
        0.088,
        0.07,
        0.066,
        0.064,
        0.066,
        0.065,
        0.063,
        0.065,
        0.063
      ],
      "standard_error": 0.410988701872286,
      "std_dev": 2.05494350936143,
      "timestamp": 1779960309,
      "unit": "ms"
    },
    {
      "category": "cache",
      "ci95_lower": 12.0452318191528,
      "ci95_upper": 13.7080488204956,
      "cv_percent": 16.4712241489494,
      "iqr": 0.173999999999999,
      "max": 23.03,
      "mean": 12.87664,
      "median": 12.476,
      "metadata": {
        "cache_size_mb": 200.0,
        "config_name": "config_0_t1000_r256"
      },
      "metric_name": "cache_cold_gen",
      "min": 12.19,
      "p95": 12.972,
      "p99": 23.03,
      "sample_count": 25,
      "samples": [
        12.972,
        12.484,
        12.19,
        12.263,
        12.412,
        12.5,
        12.418,
        12.5,
        12.476,
        12.605,
        12.446,
        12.52,
        23.03,
        12.33,
        12.288,
        12.426,
        12.27,
        12.63,
        12.551,
        12.518,
        12.421,
        12.523,
        12.496,
        12.301,
        12.346
      ],
      "standard_error": 0.424188047450656,
      "std_dev": 2.12094023725328,
      "timestamp": 1779960311,
      "unit": "ms"
    },
    {
      "category": "cache",
      "ci95_lower": 0.0031382623128593,
      "ci95_upper": 0.00382173759862781,
      "cv_percent": 25.051143353682,
      "iqr": 0.001,
      "max": 0.007,
      "mean": 0.00348,
      "median": 0.003,
      "metadata": {
        "cache_size_mb": 200.0,
        "config_name": "config_0_t1000_r256"
      },
      "metric_name": "cache_warm_hit",
      "min": 0.003,
      "p95": 0.004,
      "p99": 0.007,
      "sample_count": 25,
      "samples": [
        0.007,
        0.004,
        0.004,
        0.004,
        0.003,
        0.004,
        0.003,
        0.004,
        0.003,
        0.003,
        0.004,
        0.003,
        0.003,
        0.003,
        0.003,
        0.004,
        0.003,
        0.003,
        0.003,
        0.003,
        0.004,
        0.003,
        0.003,
        0.003,
        0.003
      ],