{
  "environment": {
    "cpu_count": 28,
    "cpu_name": "Intel(R) Core(TM) i7-14700KF",
    "engine_version": "4.6.2-stable (official)",
    "gpu_name": "NVIDIA GeForce RTX 4060 Ti",
    "os_name": "Windows",
    "renderer": "forward_plus",
    "rendering_backend": "1.4.312",
    "timestamp": "2026-05-12T15:23:30"
  },
  "results": [
    {
      "category": "chunk_generation",
      "ci95_lower": 10.1277313232422,
      "ci95_upper": 14.7088289260864,
      "cv_percent": 47.0535083304142,
      "iqr": 0.254,
      "max": 32.44,
      "mean": 12.41828,
      "median": 10.721,
      "metadata": {
        "base_resolution": 256,
        "chunk_size": 64.0,
        "config_name": "config_0_t5000_r256",
        "effective_resolution": 256,
        "lod_level": 0,
        "processor": "gpu"
      },
      "metric_name": "chunk_gen_lod0",
      "min": 10.565,
      "p95": 31.195,
      "p99": 32.44,
      "sample_count": 25,
      "samples": [
        10.601,
        10.666,
        10.601,
        10.598,
        10.581,
        10.62,
        10.758,
        10.647,
        10.738,
        32.44,
        10.765,
        10.86,
        10.604,
        10.776,
        10.606,
        10.565,
        10.721,
        10.933,
        11.215,
        10.662,
        10.741,
        10.667,
        31.195,
        10.913,
        10.984
      ],
      "standard_error": 1.16864728285883,
      "std_dev": 5.84323641429417,
      "timestamp": 1778595848,
      "unit": "ms"
    },
    {
      "category": "chunk_generation",
      "ci95_lower": -0.0000100116922112647,
      "ci95_upper": 0.000250011682510376,
      "cv_percent": 276.385399196283,
      "iqr": 0.0,
      "max": 0.001,
      "mean": 0.00012,
      "median": 0.0,
      "metadata": {
        "base_resolution": 256,
        "chunk_size": 64.0,
        "config_name": "config_0_t5000_r256",
        "effective_resolution": 256,
        "lod_level": 0,
        "processor": "gpu"
      },
      "metric_name": "chunk_substep_height_grid_lod0",
      "min": 0.0,
      "p95": 0.001,
      "p99": 0.001,
      "sample_count": 25,
      "samples": [
        0.0,
        0.0,
        0.0,
        0.0,
        0.0,
        0.0,
        0.0,
        0.0,
        0.0,
        0.0,
        0.0,
        0.0,
        0.001,
        0.0,
        0.0,
        0.0,
        0.0,
        0.0,
        0.0,
        0.001,
        0.0,
        0.001,
        0.0,
        0.0,
        0.0
      ],
      "standard_error": 0.000066332495807108,
      "std_dev": 0.00033166247903554,
      "timestamp": 1778595848,
      "unit": "ms"
    },
    {
      "category": "cache",
      "ci95_lower": 10.146369934082,
      "ci95_upper": 14.6854705810547,
      "cv_percent": 46.6310129970846,
      "iqr": 0.207000000000001,
      "max": 31.974,
      "mean": 12.41592,
      "median": 10.749,
      "metadata": {
        "cache_size_mb": 200.0,
        "config_name": "config_0_t5000_r256"
      },
      "metric_name": "cache_cold_gen",
      "min": 10.58,
      "p95": 31.315,
      "p99": 31.974,
      "sample_count": 25,
      "samples": [
        10.89,
        10.749,
        10.616,
        10.731,
        11.04,
        10.61,
        10.791,
        10.82,
        10.646,
        31.974,
        10.974,
        10.667,
        10.583,
        10.586,
        10.721,
        10.644,
        10.615,
        10.82,
        10.756,
        10.592,
        10.75,
        10.58,
        31.315,
        11.105,
        10.823
      ],
      "standard_error": 1.15793385378152,
      "std_dev": 5.78966926890762,
      "timestamp": 1778595849,
      "unit": "ms"
    },
    {
      "category": "cache",
      "ci95_lower": 0.00266899750567973,
      "ci95_upper": 0.00317100249230862,
      "cv_percent": 21.9285076624413,
      "iqr": 0.0,
      "max": 0.005,
      "mean": 0.00292,
      "median": 0.003,
      "metadata": {
        "cache_size_mb": 200.0,
        "config_name": "config_0_t5000_r256"
      },
      "metric_name": "cache_warm_hit",
      "min": 0.002,
      "p95": 0.004,
      "p99": 0.005,
      "sample_count": 25,
      "samples": [
        0.005,
        0.003,
        0.004,
        0.003,
        0.003,
        0.003,
        0.003,
        0.003,
        0.003,
        0.003,
        0.002,
        0.003,
        0.003,
        0.003,
        0.003,
        0.002,
        0.003,
        0.003,
        0.003,
        0.002,
        0.002,
        0.003,
        0.003,
        0.002,
        0.003
      ],
      "standard_error": 0.000128062484748657,
      "std_dev": 0.000640312423743285,
      "timestamp": 1778595849,
      "unit": "ms"
    },
    {
      "category": "cache",
      "ci95_lower": 2.40802764892578,
      "ci95_upper": 2.40802764892578,
      "cv_percent": 0.0,
      "iqr": 0.0,
      "max": 2.40802764892578,
      "mean": 2.40802764892578,
      "median": 2.40802764892578,
      "metadata": {
        "cache_size_mb": 200.0,
        "config_name": "config_0_t5000_r256"
      },
      "metric_name": "cache_memory",
      "min": 2.40802764892578,
      "p95": 2.40802764892578,
      "p99": 2.40802764892578,
      "sample_count": 1,
      "samples": [
        2.40802764892578
      ],
      "standard_error": 0.0,
      "std_dev": 0.0,
      "timestamp": 1778595849,
      "unit": "MB"
    }
  ]
}