{
  "environment": {
    "cpu_count": 28,
    "cpu_name": "Intel(R) Core(TM) i7-14700KF",
    "engine_version": "4.6.2-stable (official)",
    "gpu_name": "NVIDIA GeForce RTX 4060 Ti",
    "os_name": "Windows",
    "renderer": "forward_plus",
    "rendering_backend": "1.4.312",
    "timestamp": "2026-05-14T10:35:18"
  },
  "results": [
    {
      "category": "chunk_generation",
      "ci95_lower": 724.278015136719,
      "ci95_upper": 767.463256835938,
      "cv_percent": 7.38509271248456,
      "iqr": 72.7479999999999,
      "max": 844.406,
      "mean": 745.87064,
      "median": 742.296,
      "metadata": {
        "base_resolution": 2000,
        "chunk_size": 64.0,
        "config_name": "config_0_t1000_r2000",
        "effective_resolution": 2000,
        "lod_level": 0,
        "processor": "gpu"
      },
      "metric_name": "chunk_gen_lod0",
      "min": 680.47,
      "p95": 842.55,
      "p99": 844.406,
      "sample_count": 25,
      "samples": [
        708.14,
        724.927,
        844.406,
        838.154,
        742.296,
        686.713,
        743.215,
        768.356,
        686.649,
        736.5,
        763.271,
        691.022,
        680.47,
        684.703,
        763.77,
        834.533,
        834.358,
        743.856,
        687.317,
        728.716,
        760.337,
        682.418,
        745.703,
        842.55,
        724.386
      ],
      "standard_error": 11.0166476558404,
      "std_dev": 55.0832382792019,
      "timestamp": 1778751347,
      "unit": "ms"
    },
    {
      "category": "chunk_generation",
      "ci95_lower": 189.570617675781,
      "ci95_upper": 208.758895874023,
      "cv_percent": 12.288742082433,
      "iqr": 42.668,
      "max": 238.843,
      "mean": 199.16476,
      "median": 186.782,
      "metadata": {
        "base_resolution": 2000,
        "chunk_size": 64.0,
        "config_name": "config_0_t1000_r2000",
        "effective_resolution": 1000,
        "lod_level": 1,
        "processor": "gpu"
      },
      "metric_name": "chunk_gen_lod1",
      "min": 159.752,
      "p95": 238.587,
      "p99": 238.843,
      "sample_count": 25,
      "samples": [
        169.182,
        159.752,
        178.687,
        218.459,
        180.978,
        222.102,
        181.352,
        195.513,
        234.099,
        186.445,
        226.824,
        186.955,
        182.53,
        238.843,
        186.782,
        225.155,
        182.487,
        184.589,
        235.861,
        187.208,
        225.702,
        182.888,
        181.879,
        238.587,
        186.26
      ],
      "standard_error": 4.89496873509934,
      "std_dev": 24.4748436754967,
      "timestamp": 1778751353,
      "unit": "ms"
    },
    {
      "category": "chunk_generation",
      "ci95_lower": 48.9877395629883,
      "ci95_upper": 57.9230613708496,
      "cv_percent": 21.3207509427603,
      "iqr": 1.424,
      "max": 90.808,
      "mean": 53.4554,
      "median": 49.867,
      "metadata": {
        "base_resolution": 2000,
        "chunk_size": 64.0,
        "config_name": "config_0_t1000_r2000",
        "effective_resolution": 500,
        "lod_level": 2,
        "processor": "gpu"
      },
      "metric_name": "chunk_gen_lod2",
      "min": 47.182,
      "p95": 89.625,
      "p99": 90.808,
      "sample_count": 25,
      "samples": [
        49.867,
        50.852,
        49.675,
        50.075,
        47.182,
        50.303,
        49.716,
        90.808,
        48.79,
        50.016,
        48.918,
        51.993,
        62.113,
        48.728,
        50.642,
        49.317,
        50.069,
        89.625,
        49.366,
        49.218,
        49.251,
        52.747,
        47.878,
        48.671,
        50.565
      ],
      "standard_error": 2.27941853989126,
      "std_dev": 11.3970926994563,
      "timestamp": 1778751354,
      "unit": "ms"
    },
    {
      "category": "chunk_generation",
      "ci95_lower": 13.3808279037476,
      "ci95_upper": 19.7875709533691,
      "cv_percent": 49.275015044013,
      "iqr": 0.991999999999999,
      "max": 55.65,
      "mean": 16.5842,
      "median": 14.981,
      "metadata": {
        "base_resolution": 2000,
        "chunk_size": 64.0,
        "config_name": "config_0_t1000_r2000",
        "effective_resolution": 250,
        "lod_level": 3,
        "processor": "gpu"
      },
      "metric_name": "chunk_gen_lod3",
      "min": 13.887,
      "p95": 16.976,
      "p99": 55.65,
      "sample_count": 25,
      "samples": [
        14.712,
        14.401,
        15.44,
        14.464,
        15.359,
        15.406,
        16.554,
        55.65,
        15.197,
        14.252,
        13.912,
        13.887,
        14.734,
        14.656,
        15.64,
        14.402,
        14.407,
        15.399,
        14.114,
        15.026,
        15.345,
        14.689,
        16.976,
        15.002,
        14.981
      ],
      "standard_error": 1.63437340898584,
      "std_dev": 8.17186704492921,
      "timestamp": 1778751355,
      "unit": "ms"
    },
    {
      "category": "chunk_generation",
      "ci95_lower": 6.32569885253906,
      "ci95_upper": 7.12502098083496,
      "cv_percent": 15.1596838840635,
      "iqr": 1.117,
      "max": 9.121,
      "mean": 6.72536,
      "median": 6.245,
      "metadata": {
        "base_resolution": 2000,
        "chunk_size": 64.0,
        "config_name": "config_0_t1000_r2000",
        "effective_resolution": 125,
        "lod_level": 4,
        "processor": "gpu"
      },
      "metric_name": "chunk_gen_lod4",
      "min": 5.635,
      "p95": 8.983,
      "p99": 9.121,
      "sample_count": 25,
      "samples": [
        6.245,
        9.121,
        5.986,
        6.228,
        5.945,
        6.894,
        5.635,
        6.445,
        7.678,
        7.22,
        5.924,
        7.103,
        6.079,
        6.033,
        8.122,
        6.64,
        5.995,
        6.726,
        5.849,
        8.497,
        5.863,
        5.855,
        6.101,
        8.983,
        6.967
      ],
      "standard_error": 0.203908663213051,
      "std_dev": 1.01954331606525,
      "timestamp": 1778751355,
      "unit": "ms"
    },
    {
      "category": "cache",
      "ci95_lower": 729.537536621094,
      "ci95_upper": 773.8408203125,
      "cv_percent": 7.51764107908938,
      "iqr": 53.413,
      "max": 877.782,
      "mean": 751.6892,
      "median": 742.675,
      "metadata": {
        "cache_size_mb": 200.0,
        "config_name": "config_0_t1000_r2000"
      },
      "metric_name": "cache_cold_gen",
      "min": 674.796,
      "p95": 841.533,
      "p99": 877.782,
      "sample_count": 25,
      "samples": [
        804.617,
        821.637,
        841.533,
        750.539,
        679.856,
        729.954,
        831.869,
        744.05,
        683.018,
        729.998,
        773.724,
        674.796,
        735.861,
        742.675,
        774.113,
        687.654,
        727.663,
        817.515,
        781.076,
        678.844,
        735.255,
        732.256,
        683.827,
        752.118,
        877.782
      ],
      "standard_error": 11.3018592172557,
      "std_dev": 56.5092960862783,
      "timestamp": 1778751374,
      "unit": "ms"
    },
    {
      "category": "cache",
      "ci95_lower": 0.00293467589654028,
      "ci95_upper": 0.0035453240852803,
      "cv_percent": 24.0397560607982,
      "iqr": 0.0,
      "max": 0.006,
      "mean": 0.00324,
      "median": 0.003,
      "metadata": {
        "cache_size_mb": 200.0,
        "config_name": "config_0_t1000_r2000"
      },
      "metric_name": "cache_warm_hit",
      "min": 0.002,
      "p95": 0.004,
      "p99": 0.006,
      "sample_count": 25,