{
  "environment": {
    "cpu_count": 28,
    "cpu_name": "Intel(R) Core(TM) i7-14700KF",
    "engine_version": "4.6.2-stable (official)",
    "gpu_name": "NVIDIA GeForce RTX 4060 Ti",
    "os_name": "Windows",
    "renderer": "forward_plus",
    "rendering_backend": "1.4.312",
    "timestamp": "2026-05-14T10:33:43"
  },
  "results": [
    {
      "category": "chunk_generation",
      "ci95_lower": 19.2013454437256,
      "ci95_upper": 21.376335144043,
      "cv_percent": 13.673638261245,
      "iqr": 1.174,
      "max": 32.124,
      "mean": 20.28884,
      "median": 19.404,
      "metadata": {
        "base_resolution": 256,
        "chunk_size": 64.0,
        "config_name": "config_0_t1000_r256",
        "effective_resolution": 256,
        "lod_level": 0,
        "processor": "gpu"
      },
      "metric_name": "chunk_gen_lod0",
      "min": 17.999,
      "p95": 23.669,
      "p99": 32.124,
      "sample_count": 25,
      "samples": [
        19.124,
        18.888,
        32.124,
        20.2,
        19.686,
        23.669,
        18.362,
        19.026,
        20.812,
        21.567,
        19.232,
        20.003,
        18.594,
        19.134,
        18.981,
        21.979,
        19.28,
        19.989,
        17.999,
        19.404,
        18.896,
        21.556,
        19.511,
        19.838,
        19.367
      ],
      "standard_error": 0.554844517800558,
      "std_dev": 2.77422258900279,
      "timestamp": 1778751230,
      "unit": "ms"
    },
    {
      "category": "chunk_generation",
      "ci95_lower": 7.53267192840576,
      "ci95_upper": 10.3770084381104,
      "cv_percent": 40.5141817232424,
      "iqr": 1.991,
      "max": 25.292,
      "mean": 8.95484,
      "median": 7.958,
      "metadata": {
        "base_resolution": 256,
        "chunk_size": 64.0,
        "config_name": "config_0_t1000_r256",
        "effective_resolution": 128,
        "lod_level": 1,
        "processor": "gpu"
      },
      "metric_name": "chunk_gen_lod1",
      "min": 6.496,
      "p95": 10.705,
      "p99": 25.292,
      "sample_count": 25,
      "samples": [
        7.419,
        7.363,
        8.236,
        8.206,
        9.412,
        10.705,
        7.414,
        25.292,
        9.207,
        6.716,
        6.883,
        10.486,
        7.093,
        7.665,
        10.588,
        7.924,
        6.496,
        10.055,
        7.098,
        7.958,
        8.176,
        9.108,
        7.253,
        9.354,
        7.764
      ],
      "standard_error": 0.72559603012512,
      "std_dev": 3.6279801506256,
      "timestamp": 1778751230,
      "unit": "ms"
    },
    {
      "category": "chunk_generation",
      "ci95_lower": 5.10405111312866,
      "ci95_upper": 5.64290904998779,
      "cv_percent": 12.7909465212707,
      "iqr": 0.92,
      "max": 7.358,
      "mean": 5.37348,
      "median": 5.243,
      "metadata": {
        "base_resolution": 256,
        "chunk_size": 64.0,
        "config_name": "config_0_t1000_r256",
        "effective_resolution": 64,
        "lod_level": 2,
        "processor": "gpu"
      },
      "metric_name": "chunk_gen_lod2",
      "min": 4.483,
      "p95": 6.688,
      "p99": 7.358,
      "sample_count": 25,
      "samples": [
        5.315,
        4.799,
        4.891,
        5.342,
        4.769,
        6.111,
        5.034,
        5.246,
        5.808,
        4.888,
        4.483,
        4.902,
        6.166,
        4.973,
        7.358,
        5.399,
        4.736,
        6.688,
        4.869,
        5.815,
        4.808,
        4.994,
        5.243,
        5.702,
        5.998
      ],
      "standard_error": 0.137463790626235,
      "std_dev": 0.687318953131174,
      "timestamp": 1778751230,
      "unit": "ms"
    },
    {
      "category": "chunk_generation",
      "ci95_lower": 4.93310165405273,
      "ci95_upper": 6.00905847549438,
      "cv_percent": 25.0845084908119,
      "iqr": 2.229,
      "max": 7.984,
      "mean": 5.47108,
      "median": 5.098,
      "metadata": {
        "base_resolution": 256,
        "chunk_size": 64.0,
        "config_name": "config_0_t1000_r256",
        "effective_resolution": 32,
        "lod_level": 3,
        "processor": "gpu"
      },
      "metric_name": "chunk_gen_lod3",
      "min": 3.707,
      "p95": 7.946,
      "p99": 7.984,
      "sample_count": 25,
      "samples": [
        5.599,
        3.914,
        4.413,
        7.984,
        4.735,
        5.249,
        7.242,
        4.775,
        4.902,
        6.642,
        4.271,
        4.464,
        7.946,
        4.431,
        5.2,
        7.702,
        4.239,
        5.71,
        4.191,
        5.098,
        3.707,
        4.296,
        5.439,
        7.501,
        7.127
      ],
      "standard_error": 0.274478705427822,
      "std_dev": 1.37239352713911,
      "timestamp": 1778751231,
      "unit": "ms"
    },
    {
      "category": "chunk_generation",
      "ci95_lower": 5.22735834121704,
      "ci95_upper": 6.46464157104492,
      "cv_percent": 26.9956722731995,
      "iqr": 2.617,
      "max": 9.468,
      "mean": 5.846,
      "median": 5.239,
      "metadata": {
        "base_resolution": 256,
        "chunk_size": 64.0,
        "config_name": "config_0_t1000_r256",
        "effective_resolution": 16,
        "lod_level": 4,
        "processor": "gpu"
      },
      "metric_name": "chunk_gen_lod4",
      "min": 4.134,
      "p95": 8.144,
      "p99": 9.468,
      "sample_count": 25,
      "samples": [
        4.863,
        9.468,
        7.222,
        7.824,
        4.171,
        5.484,
        5.47,
        4.619,
        5.239,
        7.515,
        4.134,
        4.277,
        5.06,
        4.734,
        4.145,
        4.776,
        7.071,
        8.144,
        7.283,
        7.976,
        4.144,
        4.852,
        4.558,
        7.236,
        5.885
      ],
      "standard_error": 0.315633400218249,
      "std_dev": 1.57816700109124,
      "timestamp": 1778751231,
      "unit": "ms"
    },
    {
      "category": "cache",
      "ci95_lower": 16.3356056213379,
      "ci95_upper": 21.1044750213623,
      "cv_percent": 32.4932050916065,
      "iqr": 2.542,
      "max": 45.968,
      "mean": 18.72004,
      "median": 16.918,
      "metadata": {
        "cache_size_mb": 200.0,
        "config_name": "config_0_t1000_r256"
      },
      "metric_name": "cache_cold_gen",
      "min": 15.361,
      "p95": 23.821,
      "p99": 45.968,
      "sample_count": 25,
      "samples": [
        45.968,
        22.923,
        23.821,
        20.339,
        18.839,
        19.942,
        18.629,
        16.052,
        17.872,
        17.16,
        17.187,
        16.918,
        17.054,
        15.896,
        16.834,
        16.087,
        15.748,
        16.444,
        16.267,
        15.73,
        15.795,
        15.361,
        16.13,
        16.471,
        18.534
      ],
      "standard_error": 1.21654819808615,
      "std_dev": 6.08274099043077,
      "timestamp": 1778751231,
      "unit": "ms"
    },
    {
      "category": "cache",
      "ci95_lower": 0.00272281421348453,
      "ci95_upper": 0.00327718583866954,
      "cv_percent": 23.5702260395516,
      "iqr": 0.0,
      "max": 0.005,
      "mean": 0.003,
      "median": 0.003,
      "metadata": {
        "cache_size_mb": 200.0,
        "config_name": "config_0_t1000_r256"
      },
      "metric_name": "cache_warm_hit",
      "min": 0.002,
      "p95": 0.004,
      "p99": 0.005,
      "sample_count": 25,
      "samples": [
        0.005,
        0.004,
        0.003,
        0.003,
        0.002,
        0.003,
        0.003,
        0.003,
        0.003,
        0.003,
        0.003,
        0.004,
        0.003,
        0.003,
        0.003,
        0.002,
        0.004,
        0.002,
        0.003,
        0.003,
        0.003,
        0.003,
        0.003,
        0.002,
        0.002
      ],
      "standard_error": 0.00014142135623731,
      "std_dev": 0.000707106781186548,