{
  "environment": {
    "cpu_count": 16,
    "cpu_name": "13th Gen Intel(R) Core(TM) i7-13620H",
    "engine_version": "4.6.2-stable (official)",
    "gpu_name": "NVIDIA GeForce RTX 4070 Laptop GPU",
    "os_name": "Windows",
    "renderer": "forward_plus",
    "rendering_backend": "1.4.325",
    "timestamp": "2026-05-28T10:36:31"
  },
  "results": [
    {
      "category": "chunk_generation",
      "ci95_lower": 14.9215316772461,
      "ci95_upper": 15.8215084075928,
      "cv_percent": 7.46789263429528,
      "iqr": 0.714,
      "max": 18.906,
      "mean": 15.37152,
      "median": 15.028,
      "metadata": {
        "base_resolution": 256,
        "chunk_size": 64.0,
        "config_name": "config_0_t1000_r256",
        "effective_resolution": 256,
        "lod_level": 0,
        "processor": "gpu"
      },
      "metric_name": "chunk_gen_lod0",
      "min": 14.305,
      "p95": 17.796,
      "p99": 18.906,
      "sample_count": 25,
      "samples": [
        14.616,
        14.678,
        14.716,
        15.121,
        14.424,
        14.699,
        15.188,
        15.029,
        15.712,
        17.796,
        14.685,
        14.511,
        15.25,
        15.028,
        14.305,
        14.739,
        15.874,
        14.991,
        16.013,
        18.906,
        15.413,
        15.279,
        17.757,
        14.778,
        14.78
      ],
      "standard_error": 0.229585721971845,
      "std_dev": 1.14792860985923,
      "timestamp": 1779960994,
      "unit": "ms"
    },
    {
      "category": "chunk_generation",
      "ci95_lower": 6.00261831283569,
      "ci95_upper": 6.16738176345825,
      "cv_percent": 3.45369404059903,
      "iqr": 0.322,
      "max": 6.546,
      "mean": 6.085,
      "median": 6.06,
      "metadata": {
        "base_resolution": 256,
        "chunk_size": 64.0,
        "config_name": "config_0_t1000_r256",
        "effective_resolution": 128,
        "lod_level": 1,
        "processor": "gpu"
      },
      "metric_name": "chunk_gen_lod1",
      "min": 5.797,
      "p95": 6.453,
      "p99": 6.546,
      "sample_count": 25,
      "samples": [
        6.319,
        5.853,
        6.099,
        6.546,
        5.841,
        6.061,
        6.254,
        5.916,
        6.453,
        6.205,
        5.933,
        6.267,
        5.889,
        6.451,
        5.825,
        5.98,
        6.238,
        6.138,
        5.971,
        6.07,
        5.797,
        5.9,
        6.06,
        6.007,
        6.052
      ],
      "standard_error": 0.0420314564740901,
      "std_dev": 0.210157282370451,
      "timestamp": 1779960994,
      "unit": "ms"
    },
    {
      "category": "chunk_generation",
      "ci95_lower": 4.30604314804077,
      "ci95_upper": 4.48531723022461,
      "cv_percent": 5.2020580670831,
      "iqr": 0.284999999999999,
      "max": 5.177,
      "mean": 4.39568,
      "median": 4.325,
      "metadata": {
        "base_resolution": 256,
        "chunk_size": 64.0,
        "config_name": "config_0_t1000_r256",
        "effective_resolution": 64,
        "lod_level": 2,
        "processor": "gpu"
      },
      "metric_name": "chunk_gen_lod2",
      "min": 4.152,
      "p95": 4.742,
      "p99": 5.177,
      "sample_count": 25,
      "samples": [
        4.573,
        5.177,
        4.301,
        4.547,
        4.317,
        4.152,
        4.388,
        4.272,
        4.389,
        4.206,
        4.325,
        4.18,
        4.602,
        4.488,
        4.238,
        4.472,
        4.549,
        4.367,
        4.284,
        4.159,
        4.254,
        4.523,
        4.201,
        4.186,
        4.742
      ],
      "standard_error": 0.0457331652086317,
      "std_dev": 0.228665826043158,
      "timestamp": 1779960995,
      "unit": "ms"
    },
    {
      "category": "chunk_generation",
      "ci95_lower": 3.75512957572937,
      "ci95_upper": 3.88559031486511,
      "cv_percent": 4.35571769425035,
      "iqr": 0.118,
      "max": 4.44,
      "mean": 3.82036,
      "median": 3.789,
      "metadata": {
        "base_resolution": 256,
        "chunk_size": 64.0,
        "config_name": "config_0_t1000_r256",
        "effective_resolution": 32,
        "lod_level": 3,
        "processor": "gpu"
      },
      "metric_name": "chunk_gen_lod3",
      "min": 3.644,
      "p95": 4.127,
      "p99": 4.44,
      "sample_count": 25,
      "samples": [
        3.831,
        3.768,
        3.702,
        3.789,
        3.874,
        3.94,
        3.732,
        3.722,
        3.918,
        4.127,
        3.691,
        3.679,
        3.773,
        3.719,
        3.802,
        3.684,
        3.644,
        3.705,
        3.759,
        3.837,
        3.834,
        3.906,
        3.83,
        4.44,
        3.803
      ],
      "standard_error": 0.0332808193008125,
      "std_dev": 0.166404096504063,
      "timestamp": 1779960995,
      "unit": "ms"
    },
    {
      "category": "chunk_generation",
      "ci95_lower": 5.01991271972656,
      "ci95_upper": 7.15576696395874,
      "cv_percent": 44.7499242746485,
      "iqr": 2.169,
      "max": 17.962,
      "mean": 6.08784,
      "median": 5.099,
      "metadata": {
        "base_resolution": 256,
        "chunk_size": 64.0,
        "config_name": "config_0_t1000_r256",
        "effective_resolution": 16,
        "lod_level": 4,
        "processor": "gpu"
      },
      "metric_name": "chunk_gen_lod4",
      "min": 4.111,
      "p95": 8.191,
      "p99": 17.962,
      "sample_count": 25,
      "samples": [
        6.934,
        17.962,
        4.755,
        7.108,
        6.002,
        4.932,
        7.216,
        4.765,
        5.731,
        4.652,
        5.01,
        4.915,
        4.789,
        7.636,
        5.269,
        5.448,
        4.464,
        8.191,
        5.099,
        5.687,
        7.34,
        4.683,
        4.976,
        4.521,
        4.111
      ],
      "standard_error": 0.544860757992352,
      "std_dev": 2.72430378996176,
      "timestamp": 1779960995,
      "unit": "ms"
    },
    {
      "category": "cache",
      "ci95_lower": 17.3744068145752,
      "ci95_upper": 22.8589534759521,
      "cv_percent": 34.7751008400202,
      "iqr": 1.326,
      "max": 51.729,
      "mean": 20.11668,
      "median": 18.295,
      "metadata": {
        "cache_size_mb": 200.0,
        "config_name": "config_0_t1000_r256"
      },
      "metric_name": "cache_cold_gen",
      "min": 17.28,
      "p95": 29.49,
      "p99": 51.729,
      "sample_count": 25,
      "samples": [
        51.729,
        18.075,
        17.744,
        18.006,
        17.894,
        18.572,
        17.97,
        19.813,
        19.292,
        18.926,
        19.146,
        19.233,
        29.49,
        17.334,
        20.186,
        18.295,
        17.28,
        18.827,
        18.2,
        17.82,
        17.322,
        17.476,
        18.363,
        17.542,
        18.382
      ],
      "standard_error": 1.39911915113284,
      "std_dev": 6.99559575566418,
      "timestamp": 1779960996,
      "unit": "ms"
    },
    {
      "category": "cache",
      "ci95_lower": 0.00313730794005096,
      "ci95_upper": 0.00438269227743149,
      "cv_percent": 42.2473494944817,
      "iqr": 0.001,
      "max": 0.009,
      "mean": 0.00376,
      "median": 0.003,
      "metadata": {
        "cache_size_mb": 200.0,
        "config_name": "config_0_t1000_r256"
      },
      "metric_name": "cache_warm_hit",
      "min": 0.003,
      "p95": 0.008,
      "p99": 0.009,
      "sample_count": 25,
      "samples": [
        0.006,
        0.008,
        0.004,
        0.003,
        0.009,
        0.004,
        0.003,
        0.004,
        0.003,
        0.003,
        0.003,
        0.004,
        0.003,
        0.003,
        0.003,
        0.003,
        0.003,
        0.004,
        0.003,
        0.003,
        0.003,
        0.003,
        0.003,
        0.003,
        0.003
      ],
      "standard_error": 0.000317700068198503,