{
  "environment": {
    "cpu_count": 10,
    "cpu_name": "Apple M4",
    "engine_version": "4.6.2-stable (official)",
    "gpu_name": "Apple M4 (Apple9)",
    "os_name": "macOS",
    "renderer": "forward_plus",
    "rendering_backend": "4.0",
    "timestamp": "2026-05-27T13:04:36"
  },
  "results": [
    {
      "category": "chunk_generation",
      "ci95_lower": 9.59647560119629,
      "ci95_upper": 10.2056045532227,
      "cv_percent": 7.84715591073491,
      "iqr": 0.26,
      "max": 12.561,
      "mean": 9.90104,
      "median": 9.7,
      "metadata": {
        "base_resolution": 256,
        "chunk_size": 64.0,
        "config_name": "config_0_t1000_r256",
        "effective_resolution": 256,
        "lod_level": 0,
        "processor": "gpu"
      },
      "metric_name": "chunk_gen_lod0",
      "min": 9.112,
      "p95": 12.194,
      "p99": 12.561,
      "sample_count": 25,
      "samples": [
        10.074,
        9.699,
        9.817,
        9.929,
        9.556,
        9.832,
        9.7,
        9.83,
        12.194,
        9.284,
        9.497,
        9.562,
        9.789,
        9.695,
        9.608,
        9.756,
        9.642,
        9.834,
        9.44,
        9.574,
        12.561,
        9.112,
        9.649,
        9.994,
        9.898
      ],
      "standard_error": 0.155390009116846,
      "std_dev": 0.776950045584228,
      "timestamp": 1779883494,
      "unit": "ms"
    },
    {
      "category": "chunk_generation",
      "ci95_lower": 4.94204759597778,
      "ci95_upper": 5.15291261672974,
      "cv_percent": 5.32860680242667,
      "iqr": 0.212000000000001,
      "max": 5.952,
      "mean": 5.04748,
      "median": 4.942,
      "metadata": {
        "base_resolution": 256,
        "chunk_size": 64.0,
        "config_name": "config_0_t1000_r256",
        "effective_resolution": 128,
        "lod_level": 1,
        "processor": "gpu"
      },
      "metric_name": "chunk_gen_lod1",
      "min": 4.798,
      "p95": 5.479,
      "p99": 5.952,
      "sample_count": 25,
      "samples": [
        5.952,
        5.479,
        5.181,
        5.212,
        4.925,
        5.43,
        4.909,
        5.121,
        4.997,
        4.947,
        5.422,
        4.935,
        4.902,
        4.916,
        4.799,
        4.942,
        4.894,
        4.964,
        4.798,
        4.817,
        4.909,
        4.863,
        4.979,
        4.955,
        4.939
      ],
      "standard_error": 0.0537920725262251,
      "std_dev": 0.268960362631126,
      "timestamp": 1779883495,
      "unit": "ms"
    },
    {
      "category": "chunk_generation",
      "ci95_lower": 3.60927128791809,
      "ci95_upper": 3.90784883499146,
      "cv_percent": 10.1325714113108,
      "iqr": 0.16,
      "max": 5.253,
      "mean": 3.75856,
      "median": 3.632,
      "metadata": {
        "base_resolution": 256,
        "chunk_size": 64.0,
        "config_name": "config_0_t1000_r256",
        "effective_resolution": 64,
        "lod_level": 2,
        "processor": "gpu"
      },
      "metric_name": "chunk_gen_lod2",
      "min": 3.508,
      "p95": 4.303,
      "p99": 5.253,
      "sample_count": 25,
      "samples": [
        3.871,
        3.708,
        4.093,
        4.303,
        3.739,
        4.28,
        3.687,
        3.521,
        3.541,
        3.597,
        3.716,
        5.253,
        3.558,
        3.62,
        3.65,
        3.71,
        3.508,
        3.632,
        3.552,
        3.641,
        3.59,
        3.573,
        3.539,
        3.526,
        3.556
      ],
      "standard_error": 0.076167755207393,
      "std_dev": 0.380838776036965,
      "timestamp": 1779883495,
      "unit": "ms"
    },
    {
      "category": "chunk_generation",
      "ci95_lower": 3.29481983184814,
      "ci95_upper": 3.47070026397705,
      "cv_percent": 6.63178067138872,
      "iqr": 0.195,
      "max": 3.952,
      "mean": 3.38276,
      "median": 3.271,
      "metadata": {
        "base_resolution": 256,
        "chunk_size": 64.0,
        "config_name": "config_0_t1000_r256",
        "effective_resolution": 32,
        "lod_level": 3,
        "processor": "gpu"
      },
      "metric_name": "chunk_gen_lod3",
      "min": 3.195,
      "p95": 3.918,
      "p99": 3.952,
      "sample_count": 25,
      "samples": [
        3.661,
        3.918,
        3.65,
        3.459,
        3.25,
        3.443,
        3.282,
        3.227,
        3.27,
        3.205,
        3.248,
        3.216,
        3.245,
        3.269,
        3.195,
        3.378,
        3.25,
        3.36,
        3.227,
        3.276,
        3.288,
        3.271,
        3.952,
        3.27,
        3.759
      ],
      "standard_error": 0.0448674447678938,
      "std_dev": 0.224337223839469,
      "timestamp": 1779883495,
      "unit": "ms"
    },
    {
      "category": "chunk_generation",
      "ci95_lower": 3.15642547607422,
      "ci95_upper": 3.27429461479187,
      "cv_percent": 4.67578940878487,
      "iqr": 0.056,
      "max": 3.873,
      "mean": 3.21536,
      "median": 3.18,
      "metadata": {
        "base_resolution": 256,
        "chunk_size": 64.0,
        "config_name": "config_0_t1000_r256",
        "effective_resolution": 16,
        "lod_level": 4,
        "processor": "gpu"
      },
      "metric_name": "chunk_gen_lod4",
      "min": 3.096,
      "p95": 3.385,
      "p99": 3.873,
      "sample_count": 25,
      "samples": [
        3.385,
        3.155,
        3.163,
        3.2,
        3.211,
        3.307,
        3.134,
        3.096,
        3.124,
        3.233,
        3.168,
        3.202,
        3.873,
        3.123,
        3.194,
        3.249,
        3.145,
        3.22,
        3.176,
        3.186,
        3.207,
        3.18,
        3.167,
        3.179,
        3.107
      ],
      "standard_error": 0.0300686924668611,
      "std_dev": 0.150343462334305,
      "timestamp": 1779883495,
      "unit": "ms"
    },
    {
      "category": "cache",
      "ci95_lower": 9.45756721496582,
      "ci95_upper": 10.4864330291748,
      "cv_percent": 13.1601384349599,
      "iqr": 0.474,
      "max": 14.768,
      "mean": 9.972,
      "median": 9.483,
      "metadata": {
        "cache_size_mb": 200.0,
        "config_name": "config_0_t1000_r256"
      },
      "metric_name": "cache_cold_gen",
      "min": 9.014,
      "p95": 12.245,
      "p99": 14.768,
      "sample_count": 25,
      "samples": [
        14.768,
        9.405,
        9.819,
        9.702,
        9.043,
        10.308,
        11.229,
        9.303,
        9.822,
        9.257,
        9.085,
        12.245,
        9.438,
        9.606,
        9.591,
        9.647,
        9.483,
        9.483,
        9.345,
        9.412,
        9.316,
        9.454,
        9.402,
        12.123,
        9.014
      ],
      "standard_error": 0.262465800946841,
      "std_dev": 1.3123290047342,
      "timestamp": 1779883496,
      "unit": "ms"
    },
    {
      "category": "cache",
      "ci95_lower": 0.00141709938179702,
      "ci95_upper": 0.00186290068086237,
      "cv_percent": 34.6721994090081,
      "iqr": 0.001,
      "max": 0.003,
      "mean": 0.00164,
      "median": 0.002,
      "metadata": {
        "cache_size_mb": 200.0,
        "config_name": "config_0_t1000_r256"
      },
      "metric_name": "cache_warm_hit",
      "min": 0.001,
      "p95": 0.002,
      "p99": 0.003,
      "sample_count": 25,
      "samples": [
        0.003,
        0.002,
        0.002,
        0.002,
        0.001,
        0.001,
        0.002,
        0.002,
        0.002,
        0.001,
        0.002,
        0.001,
        0.002,
        0.002,
        0.001,
        0.002,
        0.001,
        0.002,
        0.001,
        0.001,
        0.002,
        0.001,
        0.002,
        0.001,
        0.002
      ],
      "standard_error": 0.000113724814061547,
      "std_dev": 0.000568624070307733,
      "timestamp": 1779883496,
      "unit": "ms"
    },
    {
      "category": "cache",