{
  "environment": {
    "cpu_count": 10,
    "cpu_name": "Apple M4",
    "engine_version": "4.6.2-stable (official)",
    "gpu_name": "Apple M4 (Apple9)",
    "os_name": "macOS",
    "renderer": "forward_plus",
    "rendering_backend": "4.0",
    "timestamp": "2026-05-27T12:46:39"
  },
  "results": [
    {
      "category": "pipeline",
      "ci95_lower": 1742.37573242188,
      "ci95_upper": 1751.74353027344,
      "cv_percent": 0.967222406767886,
      "iqr": 15.0119999999999,
      "max": 1788.883,
      "mean": 1747.05966,
      "median": 1743.76,
      "metadata": {
        "config_name": "config_0_t5000_r256",
        "terrain_size": 5000.0
      },
      "metric_name": "pipeline_total",
      "min": 1712.891,
      "p95": 1786.207,
      "p99": 1788.883,
      "sample_count": 50,
      "samples": [
        1743.76,
        1748.294,
        1758.784,
        1738.626,
        1749.456,
        1744.196,
        1726.201,
        1719.24,
        1745.876,
        1757.953,
        1732.875,
        1741.022,
        1742.537,
        1740.422,
        1724.91,
        1742.192,
        1743.194,
        1722.383,
        1750.909,
        1741.354,
        1730.121,
        1744.97,
        1712.891,
        1739.559,
        1732.588,
        1739.91,
        1743.165,
        1773.937,
        1730.671,
        1728.424,
        1751.934,
        1786.207,
        1736.028,
        1762.692,
        1747.185,
        1753.638,
        1749.444,
        1749.44,
        1751.747,
        1734.847,
        1768.499,
        1782.228,
        1788.883,
        1760.032,
        1752.95,
        1756.857,
        1741.267,
        1762.573,
        1739.265,
        1786.847
      ],
      "standard_error": 2.38973135892822,
      "std_dev": 16.8979524911228,
      "timestamp": 1779882581,
      "unit": "ms"
    },
    {
      "category": "pipeline",
      "ci95_lower": 963.967224121094,
      "ci95_upper": 965.272827148438,
      "cv_percent": 0.244148716201759,
      "iqr": 3.0,
      "max": 970.0,
      "mean": 964.62,
      "median": 964.0,
      "metadata": {
        "config_name": "config_0_t5000_r256",
        "substep": "Noise Source [type=5 seed=0 freq=0.00]",
        "terrain_size": 5000.0
      },
      "metric_name": "heightmap_substep_Noise Source [type=5 seed=0 freq=0.00]",
      "min": 961.0,
      "p95": 969.0,
      "p99": 970.0,
      "sample_count": 50,
      "samples": [
        961.0,
        961.0,
        961.0,
        962.0,
        962.0,
        962.0,
        962.0,
        963.0,
        963.0,
        963.0,
        963.0,
        963.0,
        963.0,
        963.0,
        963.0,
        963.0,
        963.0,
        963.0,
        963.0,
        964.0,
        964.0,
        964.0,
        964.0,
        964.0,
        964.0,
        964.0,
        964.0,
        964.0,
        965.0,
        965.0,
        965.0,
        965.0,
        965.0,
        965.0,
        965.0,
        965.0,
        965.0,
        966.0,
        966.0,
        966.0,
        966.0,
        968.0,
        968.0,
        968.0,
        968.0,
        969.0,
        969.0,
        969.0,
        970.0,
        970.0
      ],
      "standard_error": 0.333062474987648,
      "std_dev": 2.35510734622541,
      "timestamp": 1779882485,
      "unit": "ms"
    },
    {
      "category": "pipeline",
      "ci95_lower": 424.118072509766,
      "ci95_upper": 427.841949462891,
      "cv_percent": 1.57690364778524,
      "iqr": 10.0,
      "max": 453.0,
      "mean": 425.98,
      "median": 425.0,
      "metadata": {
        "config_name": "config_0_t5000_r256",
        "substep": "ContrastProcessor [0.00-1.00]",
        "terrain_size": 5000.0
      },
      "metric_name": "heightmap_substep_ContrastProcessor [0.00-1.00]",
      "min": 417.0,
      "p95": 435.0,
      "p99": 453.0,
      "sample_count": 50,
      "samples": [
        417.0,
        418.0,
        418.0,
        418.0,
        418.0,
        419.0,
        419.0,
        419.0,
        419.0,
        419.0,
        420.0,
        420.0,
        421.0,
        421.0,
        422.0,
        422.0,
        422.0,
        422.0,
        423.0,
        423.0,
        424.0,
        424.0,
        424.0,
        425.0,
        425.0,
        425.0,
        426.0,
        426.0,
        426.0,
        426.0,
        427.0,
        427.0,
        427.0,
        429.0,
        429.0,
        429.0,
        430.0,
        431.0,
        431.0,
        431.0,
        431.0,
        433.0,
        433.0,
        434.0,
        434.0,
        434.0,
        434.0,
        435.0,
        436.0,
        453.0
      ],
      "standard_error": 0.949968850187484,
      "std_dev": 6.71729415883557,
      "timestamp": 1779882485,
      "unit": "ms"
    },
    {
      "category": "pipeline",
      "ci95_lower": 37.7067565917969,
      "ci95_upper": 44.2532424926758,
      "cv_percent": 28.8160919113907,
      "iqr": 12.0,
      "max": 113.0,
      "mean": 40.98,
      "median": 40.0,
      "metadata": {
        "config_name": "config_0_t5000_r256",
        "substep": "Blur (radius: 3.0)",
        "terrain_size": 5000.0
      },
      "metric_name": "heightmap_substep_Blur (radius: 3.0)",
      "min": 29.0,
      "p95": 49.0,
      "p99": 113.0,
      "sample_count": 50,
      "samples": [
        29.0,
        29.0,
        31.0,
        33.0,
        33.0,
        33.0,
        33.0,
        33.0,
        33.0,
        33.0,
        33.0,
        33.0,
        33.0,
        34.0,
        34.0,
        34.0,
        37.0,
        37.0,
        39.0,
        39.0,
        39.0,
        39.0,
        39.0,
        40.0,
        40.0,
        40.0,
        41.0,
        41.0,
        41.0,
        42.0,
        42.0,
        43.0,
        44.0,
        44.0,
        44.0,
        44.0,
        45.0,
        45.0,
        45.0,
        45.0,
        45.0,
        45.0,
        46.0,
        46.0,
        46.0,
        46.0,
        47.0,
        49.0,
        50.0,
        113.0
      ],
      "standard_error": 1.6700213856629,
      "std_dev": 11.8088344652879,
      "timestamp": 1779882485,
      "unit": "ms"
    },
    {
      "category": "pipeline",
      "ci95_lower": 100.516021728516,
      "ci95_upper": 100.803977966309,
      "cv_percent": 0.516013140776528,
      "iqr": 1.0,
      "max": 102.0,
      "mean": 100.66,
      "median": 101.0,
      "metadata": {
        "config_name": "config_0_t5000_r256",
        "substep": "Noise Source [type=2 seed=0 freq=0.00]",
        "terrain_size": 5000.0
      },
      "metric_name": "heightmap_substep_Noise Source [type=2 seed=0 freq=0.00]",
      "min": 100.0,
      "p95": 101.0,
      "p99": 102.0,
      "sample_count": 50,
      "samples": [
        100.0,
        100.0,
        100.0,
        100.0,
        100.0,
        100.0,
        100.0,
        100.0,
        100.0,
        100.0,
        100.0,
        100.0,
        100.0,
        100.0,
        100.0,
        100.0,
        100.0,
        100.0,
        101.0,
        101.0,
        101.0,
        101.0,
        101.0,
        101.0,
        101.0,
        101.0,
        101.0,
        101.0,
        101.0,
        101.0,
        101.0,
        101.0,
        101.0,
        101.0,
        101.0,
        101.0,
        101.0,
        101.0,
        101.0,
        101.0,
        101.0,
        101.0,
        101.0,
        101.0,
        101.0,
        101.0,
        101.0,
        101.0,
        101.0,
        102.0
      ],
      "standard_error": 0.0734569150410425,
      "std_dev": 0.519418827505653,
      "timestamp": 1779882485,
      "unit": "ms"
    },
    {
      "category": "pipeline",
      "ci95_lower": 89.6801910400391,
      "ci95_upper": 91.5998077392578,
      "cv_percent": 3.82026413000709,
      "iqr": 1.0,
      "max": 113.0,
      "mean": 90.64,
      "median": 90.0,
      "metadata": {
        "config_name": "config_0_t5000_r256",