{
  "environment": {
    "cpu_count": 16,
    "cpu_name": "13th Gen Intel(R) Core(TM) i7-13620H",
    "engine_version": "4.6.2-stable (official)",
    "gpu_name": "NVIDIA GeForce RTX 4070 Laptop GPU",
    "os_name": "Windows",
    "renderer": "forward_plus",
    "rendering_backend": "1.4.325",
    "timestamp": "2026-05-27T19:54:22"
  },
  "results": [
    {
      "category": "pipeline",
      "ci95_lower": 2893.4111328125,
      "ci95_upper": 2933.88647460938,
      "cv_percent": 2.5058315640511,
      "iqr": 114.631,
      "max": 3072.009,
      "mean": 2913.64884,
      "median": 2941.543,
      "metadata": {
        "config_name": "config_0_t5000_r256",
        "terrain_size": 5000.0
      },
      "metric_name": "pipeline_total",
      "min": 2751.894,
      "p95": 3003.276,
      "p99": 3072.009,
      "sample_count": 50,
      "samples": [
        2928.721,
        2900.453,
        2944.498,
        2819.146,
        2751.894,
        2914.79,
        2934.056,
        2941.543,
        2805.886,
        2942.731,
        2904.826,
        2931.872,
        2838.659,
        2954.274,
        2838.653,
        2855.268,
        2949.158,
        2758.846,
        2944.247,
        2925.459,
        2854.455,
        2946.49,
        2945.41,
        2825.108,
        2769.176,
        2858.135,
        2980.954,
        2969.086,
        2989.127,
        2820.998,
        2964.509,
        2857.221,
        2971.835,
        2813.442,
        2945.776,
        2841.776,
        2965.861,
        2835.375,
        2870.349,
        2951.633,
        2960.724,
        2995.432,
        2976.822,
        3017.181,
        3072.009,
        3003.276,
        2973.762,
        2969.307,
        2974.697,
        2977.536
      ],
      "standard_error": 10.3253333500513,
      "std_dev": 73.0111322983289,
      "timestamp": 1779908366,
      "unit": "ms"
    },
    {
      "category": "pipeline",
      "ci95_lower": 1264.72631835938,
      "ci95_upper": 1269.87365722656,
      "cv_percent": 0.732672991312866,
      "iqr": 13.0,
      "max": 1287.0,
      "mean": 1267.3,
      "median": 1267.0,
      "metadata": {
        "config_name": "config_0_t5000_r256",
        "substep": "Noise Source [type=5 seed=0 freq=0.00]",
        "terrain_size": 5000.0
      },
      "metric_name": "heightmap_substep_Noise Source [type=5 seed=0 freq=0.00]",
      "min": 1245.0,
      "p95": 1282.0,
      "p99": 1287.0,
      "sample_count": 50,
      "samples": [
        1245.0,
        1248.0,
        1250.0,
        1253.0,
        1256.0,
        1257.0,
        1257.0,
        1258.0,
        1259.0,
        1259.0,
        1260.0,
        1261.0,
        1262.0,
        1263.0,
        1264.0,
        1264.0,
        1264.0,
        1264.0,
        1264.0,
        1265.0,
        1265.0,
        1265.0,
        1265.0,
        1265.0,
        1267.0,
        1267.0,
        1267.0,
        1268.0,
        1269.0,
        1269.0,
        1269.0,
        1269.0,
        1271.0,
        1272.0,
        1272.0,
        1273.0,
        1274.0,
        1275.0,
        1275.0,
        1276.0,
        1276.0,
        1276.0,
        1276.0,
        1277.0,
        1279.0,
        1280.0,
        1281.0,
        1282.0,
        1285.0,
        1287.0
      ],
      "standard_error": 1.31312060157691,
      "std_dev": 9.28516481890795,
      "timestamp": 1779908206,
      "unit": "ms"
    },
    {
      "category": "pipeline",
      "ci95_lower": 872.444091796875,
      "ci95_upper": 895.27587890625,
      "cv_percent": 4.65967497281391,
      "iqr": 76.0,
      "max": 956.0,
      "mean": 883.86,
      "median": 863.0,
      "metadata": {
        "config_name": "config_0_t5000_r256",
        "substep": "ContrastProcessor [0.00-1.00]",
        "terrain_size": 5000.0
      },
      "metric_name": "heightmap_substep_ContrastProcessor [0.00-1.00]",
      "min": 807.0,
      "p95": 943.0,
      "p99": 956.0,
      "sample_count": 50,
      "samples": [
        807.0,
        819.0,
        825.0,
        843.0,
        847.0,
        848.0,
        848.0,
        848.0,
        851.0,
        854.0,
        855.0,
        855.0,
        855.0,
        856.0,
        857.0,
        857.0,
        857.0,
        857.0,
        857.0,
        858.0,
        859.0,
        861.0,
        861.0,
        863.0,
        863.0,
        864.0,
        865.0,
        865.0,
        868.0,
        873.0,
        876.0,
        883.0,
        922.0,
        925.0,
        926.0,
        928.0,
        929.0,
        931.0,
        933.0,
        934.0,
        934.0,
        936.0,
        937.0,
        937.0,
        940.0,
        941.0,
        942.0,
        943.0,
        944.0,
        956.0
      ],
      "standard_error": 5.82443901126266,
      "std_dev": 41.185003214713,
      "timestamp": 1779908206,
      "unit": "ms"
    },
    {
      "category": "pipeline",
      "ci95_lower": 113.983055114746,
      "ci95_upper": 137.256942749023,
      "cv_percent": 33.4201959656534,
      "iqr": 4.0,
      "max": 222.0,
      "mean": 125.62,
      "median": 116.0,
      "metadata": {
        "config_name": "config_0_t5000_r256",
        "substep": "Blur (radius: 3.0)",
        "terrain_size": 5000.0
      },
      "metric_name": "heightmap_substep_Blur (radius: 3.0)",
      "min": 71.0,
      "p95": 221.0,
      "p99": 222.0,
      "sample_count": 50,
      "samples": [
        71.0,
        71.0,
        73.0,
        73.0,
        74.0,
        85.0,
        86.0,
        94.0,
        103.0,
        108.0,
        111.0,
        114.0,
        114.0,
        115.0,
        115.0,
        115.0,
        115.0,
        115.0,
        115.0,
        115.0,
        115.0,
        115.0,
        116.0,
        116.0,
        116.0,
        116.0,
        117.0,
        117.0,
        117.0,
        117.0,
        117.0,
        117.0,
        117.0,
        117.0,
        117.0,
        117.0,
        117.0,
        118.0,
        118.0,
        119.0,
        121.0,
        123.0,
        197.0,
        207.0,
        214.0,
        216.0,
        221.0,
        221.0,
        221.0,
        222.0
      ],
      "standard_error": 5.93721504149712,
      "std_dev": 41.9824501720538,
      "timestamp": 1779908206,
      "unit": "ms"
    },
    {
      "category": "pipeline",
      "ci95_lower": 146.750930786133,
      "ci95_upper": 147.569061279297,
      "cv_percent": 1.00284794549334,
      "iqr": 2.0,
      "max": 151.0,
      "mean": 147.16,
      "median": 147.0,
      "metadata": {
        "config_name": "config_0_t5000_r256",
        "substep": "Noise Source [type=2 seed=0 freq=0.00]",
        "terrain_size": 5000.0
      },
      "metric_name": "heightmap_substep_Noise Source [type=2 seed=0 freq=0.00]",
      "min": 145.0,
      "p95": 149.0,
      "p99": 151.0,
      "sample_count": 50,
      "samples": [
        145.0,
        145.0,
        145.0,
        145.0,
        145.0,
        145.0,
        145.0,
        145.0,
        145.0,
        146.0,
        146.0,
        146.0,
        146.0,
        146.0,
        146.0,
        146.0,
        147.0,
        147.0,
        147.0,
        147.0,
        147.0,
        147.0,
        147.0,
        147.0,
        147.0,
        147.0,
        147.0,
        148.0,
        148.0,
        148.0,
        148.0,
        148.0,
        148.0,
        148.0,
        148.0,
        148.0,
        148.0,
        148.0,
        148.0,
        148.0,
        148.0,
        148.0,
        148.0,
        148.0,
        149.0,
        149.0,
        149.0,
        149.0,
        151.0,
        151.0
      ],
      "standard_error": 0.208708369917139,
      "std_dev": 1.47579103658799,
      "timestamp": 1779908206,
      "unit": "ms"
    },
    {
      "category": "pipeline",
      "ci95_lower": 189.25505065918,
      "ci95_upper": 215.74494934082,
      "cv_percent": 23.5968554279693,
      "iqr": 82.0,
      "max": 367.0,