{
  "environment": {
    "cpu_count": 28,
    "cpu_name": "Intel(R) Core(TM) i7-14700KF",
    "engine_version": "4.6.2-stable (official)",
    "gpu_name": "NVIDIA GeForce RTX 4060 Ti",
    "os_name": "Windows",
    "renderer": "forward_plus",
    "rendering_backend": "1.4.312",
    "timestamp": "2026-05-12T12:59:18"
  },
  "results": [
    {
      "category": "pipeline",
      "ci95_lower": 2439.55126953125,
      "ci95_upper": 2502.92529296875,
      "cv_percent": 4.62588873962255,
      "iqr": 259.784,
      "max": 2714.697,
      "mean": 2471.23822,
      "median": 2457.363,
      "metadata": {
        "config_name": "config_0_t5000_r256",
        "terrain_size": 5000.0
      },
      "metric_name": "pipeline_total",
      "min": 2310.879,
      "p95": 2639.869,
      "p99": 2714.697,
      "sample_count": 50,
      "samples": [
        2336.351,
        2500.163,
        2404.299,
        2609.53,
        2600.41,
        2384.952,
        2622.992,
        2618.519,
        2392.213,
        2609.223,
        2622.21,
        2448.198,
        2425.473,
        2638.805,
        2639.869,
        2540.489,
        2454.055,
        2613.123,
        2512.761,
        2340.314,
        2637.06,
        2714.697,
        2615.392,
        2451.262,
        2407.283,
        2467.731,
        2661.912,
        2455.409,
        2331.725,
        2508.28,
        2326.371,
        2446.551,
        2322.68,
        2509.332,
        2337.776,
        2442.354,
        2333.8,
        2480.715,
        2310.879,
        2474.217,
        2328.576,
        2457.363,
        2331.69,
        2481.506,
        2329.938,
        2461.304,
        2340.626,
        2471.014,
        2322.678,
        2487.841
      ],
      "standard_error": 16.1668270747456,
      "std_dev": 114.316730548229,
      "timestamp": 1778587418,
      "unit": "ms"
    },
    {
      "category": "pipeline",
      "ci95_lower": 1084.6689453125,
      "ci95_upper": 1086.01110839844,
      "cv_percent": 0.223071192923744,
      "iqr": 2.0,
      "max": 1095.0,
      "mean": 1085.34,
      "median": 1085.0,
      "metadata": {
        "config_name": "config_0_t5000_r256",
        "substep": "Noise Source [type=5 seed=0 freq=0.00]",
        "terrain_size": 5000.0
      },
      "metric_name": "heightmap_substep_Noise Source [type=5 seed=0 freq=0.00]",
      "min": 1082.0,
      "p95": 1090.0,
      "p99": 1095.0,
      "sample_count": 50,
      "samples": [
        1082.0,
        1082.0,
        1082.0,
        1083.0,
        1083.0,
        1083.0,
        1083.0,
        1083.0,
        1084.0,
        1084.0,
        1084.0,
        1084.0,
        1084.0,
        1084.0,
        1084.0,
        1084.0,
        1084.0,
        1084.0,
        1084.0,
        1085.0,
        1085.0,
        1085.0,
        1085.0,
        1085.0,
        1085.0,
        1085.0,
        1085.0,
        1085.0,
        1085.0,
        1085.0,
        1085.0,
        1085.0,
        1085.0,
        1085.0,
        1086.0,
        1086.0,
        1086.0,
        1086.0,
        1086.0,
        1086.0,
        1087.0,
        1087.0,
        1087.0,
        1088.0,
        1088.0,
        1088.0,
        1089.0,
        1090.0,
        1092.0,
        1095.0
      ],
      "standard_error": 0.34239254235632,
      "std_dev": 2.42108088527856,
      "timestamp": 1778587283,
      "unit": "ms"
    },
    {
      "category": "pipeline",
      "ci95_lower": 752.798156738281,
      "ci95_upper": 776.561828613281,
      "cv_percent": 5.60573349769162,
      "iqr": 59.0,
      "max": 882.0,
      "mean": 764.68,
      "median": 771.0,
      "metadata": {
        "config_name": "config_0_t5000_r256",
        "substep": "ContrastProcessor [0.00-1.00]",
        "terrain_size": 5000.0
      },
      "metric_name": "heightmap_substep_ContrastProcessor [0.00-1.00]",
      "min": 711.0,
      "p95": 858.0,
      "p99": 882.0,
      "sample_count": 50,
      "samples": [
        711.0,
        711.0,
        713.0,
        713.0,
        713.0,
        713.0,
        714.0,
        714.0,
        714.0,
        715.0,
        715.0,
        715.0,
        719.0,
        719.0,
        730.0,
        734.0,
        747.0,
        763.0,
        767.0,
        768.0,
        768.0,
        769.0,
        769.0,
        770.0,
        771.0,
        772.0,
        772.0,
        772.0,
        772.0,
        772.0,
        773.0,
        773.0,
        773.0,
        775.0,
        776.0,
        776.0,
        778.0,
        778.0,
        785.0,
        786.0,
        787.0,
        787.0,
        789.0,
        790.0,
        793.0,
        839.0,
        849.0,
        858.0,
        872.0,
        882.0
      ],
      "standard_error": 6.06215695431713,
      "std_dev": 42.8659229101483,
      "timestamp": 1778587283,
      "unit": "ms"
    },
    {
      "category": "pipeline",
      "ci95_lower": 85.9620971679688,
      "ci95_upper": 105.877899169922,
      "cv_percent": 37.4530872004464,
      "iqr": 72.0,
      "max": 190.0,
      "mean": 95.92,
      "median": 114.0,
      "metadata": {
        "config_name": "config_0_t5000_r256",
        "substep": "Blur (radius: 3.0)",
        "terrain_size": 5000.0
      },
      "metric_name": "heightmap_substep_Blur (radius: 3.0)",
      "min": 43.0,
      "p95": 128.0,
      "p99": 190.0,
      "sample_count": 50,
      "samples": [
        43.0,
        43.0,
        43.0,
        43.0,
        44.0,
        44.0,
        46.0,
        46.0,
        46.0,
        46.0,
        46.0,
        47.0,
        47.0,
        47.0,
        49.0,
        87.0,
        92.0,
        96.0,
        103.0,
        105.0,
        109.0,
        112.0,
        112.0,
        113.0,
        114.0,
        114.0,
        116.0,
        117.0,
        117.0,
        117.0,
        117.0,
        117.0,
        117.0,
        117.0,
        118.0,
        118.0,
        119.0,
        119.0,
        121.0,
        121.0,
        121.0,
        122.0,
        122.0,
        122.0,
        123.0,
        124.0,
        127.0,
        128.0,
        129.0,
        190.0
      ],
      "standard_error": 5.08056239856517,
      "std_dev": 35.9250012426682,
      "timestamp": 1778587283,
      "unit": "ms"
    },
    {
      "category": "pipeline",
      "ci95_lower": 126.034049987793,
      "ci95_upper": 127.405944824219,
      "cv_percent": 1.9528789370069,
      "iqr": 0.0,
      "max": 137.0,
      "mean": 126.72,
      "median": 126.0,
      "metadata": {
        "config_name": "config_0_t5000_r256",
        "substep": "Noise Source [type=2 seed=0 freq=0.00]",
        "terrain_size": 5000.0
      },
      "metric_name": "heightmap_substep_Noise Source [type=2 seed=0 freq=0.00]",
      "min": 125.0,
      "p95": 131.0,
      "p99": 137.0,
      "sample_count": 50,
      "samples": [
        125.0,
        125.0,
        125.0,
        125.0,
        125.0,
        125.0,
        125.0,
        125.0,
        125.0,
        125.0,
        125.0,
        125.0,
        126.0,
        126.0,
        126.0,
        126.0,
        126.0,
        126.0,
        126.0,
        126.0,
        126.0,
        126.0,
        126.0,
        126.0,
        126.0,
        126.0,
        126.0,
        126.0,
        126.0,
        126.0,
        126.0,
        126.0,
        126.0,
        126.0,
        126.0,
        126.0,
        126.0,
        126.0,
        127.0,
        127.0,
        128.0,
        128.0,
        128.0,
        128.0,
        129.0,
        130.0,
        131.0,
        131.0,
        136.0,
        137.0
      ],
      "standard_error": 0.349973759949316,
      "std_dev": 2.47468818897514,
      "timestamp": 1778587283,
      "unit": "ms"
    },
    {
      "category": "pipeline",
      "ci95_lower": 169.241287231445,
      "ci95_upper": 192.718719482422,
      "cv_percent": 23.4001597207429,
      "iqr": 86.0,
      "max": 230.0,
      "mean": 180.98,